dataset,model,n_splits,accuracy_mean,accuracy_std,accuracy_ci95,macro_precision_mean,macro_precision_std,macro_precision_ci95,macro_recall_mean,macro_recall_std,macro_recall_ci95,macro_f1_mean,macro_f1_std,macro_f1_ci95,micro_f1_mean,micro_f1_std,micro_f1_ci95,majority_macro_f1_mean,macro_f1_gain_over_majority,relative_error_reduction_proxy
CUAD,TFIDF_SBERT_PortableStructure,3,0.8863836849458182,0.00904027791540223,0.010230037500492754,0.884100871260269,0.012932489930053971,0.01463449002312122,0.8829393673191546,0.0176228118856001,0.019942088964617532,0.8811621191059795,0.016653556160365825,0.01884527285901745,0.8863836849458182,0.00904027791540223,0.010230037500492754,0.005360399722166207,0.8758017193838133,0.8805216674855643
CUAD,TFIDF_LinearSVM,3,0.8736446386452483,0.010106887354967944,0.011437019704717536,0.8748519141778738,0.010521001695724645,0.01190563419589542,0.870853545658687,0.020202026625389887,0.02286074520027588,0.8694652320714198,0.01607655791533273,0.018192337878517525,0.8736446386452483,0.010106887354967944,0.011437019704717536,0.005360399722166207,0.8641048323492536,0.8687617425526615
CUAD,TFIDF_plus_PortableStructure,3,0.8740034607448841,0.013227777061497973,0.014968638868582976,0.8734642730875407,0.016061811550703877,0.01817565079604497,0.8709939913403631,0.024101427827128236,0.027273333053939777,0.8691239947102886,0.021155271189585354,0.023939442971529813,0.8740034607448841,0.013227777061497973,0.014968638868582976,0.005360399722166207,0.8637635949881224,0.8684186661649569
CUAD,SBERT_plus_PortableStructure,3,0.8236909378523903,0.02986375709192023,0.03379402246422614,0.8217389937221741,0.01934670325157745,0.021892855687250898,0.8230176377246158,0.009801778334658236,0.01109175634570187,0.819163041551514,0.014671529328139402,0.016602398357768555,0.8236909378523903,0.02986375709192023,0.03379402246422614,0.005360399722166207,0.8138026418293478,0.8181884590177461
CUAD,SBERT_LinearSVM,3,0.8205833051242656,0.0286040765487855,0.03236855973890946,0.8189308182523215,0.0174061139831707,0.01969687220370867,0.8194240158055616,0.009314475856296875,0.01054032168026681,0.8164307214889631,0.013254946124313495,0.014999383557414113,0.8205833051242656,0.0286040765487855,0.03236855973890946,0.005360399722166207,0.8110703217667969,0.8154414136942062
CUAD,PortableStructureOnly,3,0.430659540332673,0.03200192189391372,0.03621358371127147,0.3827843064723442,0.017626677892990262,0.019946463763816036,0.42927916701269914,0.004698836114977084,0.005317233619885511,0.3752298326338264,0.010885117168563798,0.012317669641764615,0.430659540332673,0.03200192189391372,0.03621358371127147,0.005360399722166207,0.3698694329116602,0.3718627659790985
CUAD,MajorityBaseline,3,0.042021023817537195,0.014434005546486259,0.01633361489598685,0.0028014015878358133,0.0009622670364324174,0.0010889076597324569,0.06666666666666667,0.0,0.0,0.005360399722166207,0.0017826910532312027,0.0020173048325513457,0.042021023817537195,0.014434005546486259,0.01633361489598685,0.005360399722166207,0.0,0.0
LexGLUE_ledgar,TFIDF_SBERT_PortableStructure,3,0.967037037037037,0.001697250257391087,0.0019206194702543352,0.9676799777929594,0.0017512135169489218,0.0019816846470211836,0.9670370370370369,0.001697250257391099,0.001920619470254349,0.9670731712736571,0.0016711600756825634,0.0018910956503263954,0.967037037037037,0.001697250257391087,0.0019206194702543352,0.008333333333333333,0.9587398379403238,0.96679647523394
LexGLUE_ledgar,TFIDF_LinearSVM,3,0.9644444444444445,0.0011111111111110628,0.0012573405862351303,0.9650850164811154,0.0016211270002043042,0.0018344778955187101,0.9644444444444442,0.0011111111111111738,0.001257340586235256,0.9644813619912362,0.0011390493606872735,0.0012889556918256144,0.9644444444444445,0.0011111111111110628,0.0012573405862351303,0.008333333333333333,0.9561480286579029,0.9641828860415828
LexGLUE_ledgar,TFIDF_plus_PortableStructure,3,0.9637037037037036,0.002312962221628998,0.0026173631481145564,0.964384212019321,0.002603429541078431,0.0029460578628613984,0.9637037037037035,0.0023129622216290693,0.002617363148114637,0.9636999350308023,0.0022691486795146745,0.002567783457860199,0.9637037037037036,0.002312962221628998,0.0026173631481145564,0.008333333333333333,0.955366601697469,0.963394892468036
LexGLUE_ledgar,SBERT_LinearSVM,3,0.9518518518518518,0.0023129622216290424,0.0026173631481146067,0.9522222217450014,0.0020638717362096853,0.0023354907288481034,0.9518518518518517,0.002312962221629149,0.0026173631481147272,0.9517138889459212,0.00220519748784087,0.0024954158719135773,0.9518518518518518,0.0023129622216290424,0.0026173631481146067,0.008333333333333333,0.9433805556125879,0.9513081233068114
LexGLUE_ledgar,SBERT_plus_PortableStructure,3,0.9503703703703703,0.0033945005147821257,0.0038412389405086157,0.9509219230161566,0.0032920733587538014,0.0037253317021422655,0.9503703703703702,0.003394500514782065,0.003841238940508547,0.9502863383588634,0.003363702666716284,0.003806387894600917,0.9503703703703703,0.0033945005147821257,0.0038412389405086157,0.008333333333333333,0.9419530050255301,0.9498685764963329
LexGLUE_ledgar,PortableStructureOnly,3,0.4548148148148148,0.011984214583232167,0.013561415450684448,0.4519431863604068,0.019357646582863385,0.02190523923236788,0.45481481481481484,0.011984214583232213,0.0135614154506845,0.43044315439439435,0.01631590704005063,0.01846318691042644,0.4548148148148148,0.011984214583232167,0.013561415450684448,0.008333333333333333,0.422109821061061,0.4256569624145153
LexGLUE_ledgar,MajorityBaseline,3,0.06666666666666667,0.0,0.0,0.0044444444444444444,0.0,0.0,0.06666666666666667,0.0,0.0,0.008333333333333333,0.0,0.0,0.06666666666666667,0.0,0.0,0.008333333333333333,0.0,0.0
LexGLUE_unfair_tos,TFIDF_SBERT_PortableStructure,3,0.8172458172458171,0.019433293269680192,0.021990841516961974,0.784417926986198,0.03998765602416159,0.045250292580831235,0.7535391559106973,0.04410507172102655,0.04990958706029436,0.7591746834969921,0.04201672909057656,0.047546404907787436,0.8172458172458171,0.019433293269680192,0.021990841516961974,0.03419777714448561,0.7249769063525066,0.7506473781029641
LexGLUE_unfair_tos,TFIDF_LinearSVM,3,0.8095238095238094,0.01607464092251843,0.018190168596935476,0.7830974122243354,0.016271900224091147,0.018413388510227283,0.7570312574265143,0.03189067008695191,0.03608769044030489,0.7579076999941584,0.020592946781693384,0.023303113000923897,0.8095238095238094,0.01607464092251843,0.018190168596935476,0.03419777714448561,0.7237099228496728,0.7493355323928893
LexGLUE_unfair_tos,SBERT_LinearSVM,3,0.7902187902187903,0.008037320461259184,0.009095084298467705,0.7546694926098142,0.026582826705029036,0.030081300221780585,0.7500859336827715,0.0328720428773335,0.03719821829592118,0.7421865924311107,0.025672262508549277,0.02905089983323462,0.7902187902187903,0.008037320461259184,0.009095084298467705,0.03419777714448561,0.7079888152866252,0.7330577612395301
LexGLUE_unfair_tos,SBERT_plus_PortableStructure,3,0.7927927927927927,0.011795561634377944,0.013347934542307819,0.7456299834161261,0.013998409982847623,0.015840692112774685,0.737621462127391,0.03654894707646059,0.04135902708905614,0.7324587346295756,0.022271702628720795,0.025202804075686366,0.7927927927927927,0.011795561634377944,0.013347934542307819,0.03419777714448561,0.69826095748509,0.7229854528814342
LexGLUE_unfair_tos,TFIDF_plus_PortableStructure,3,0.788931788931789,0.01241139094078885,0.014044811005336964,0.738155862449349,0.038239340130756146,0.043271886903526416,0.7251972957506553,0.040322017615850664,0.04562865834056922,0.724607160884855,0.037202454918299106,0.042098540828726015,0.788931788931789,0.01241139094078885,0.014044811005336964,0.03419777714448561,0.6904093837403694,0.7148558653127637
LexGLUE_unfair_tos,PortableStructureOnly,3,0.38867438867438864,0.002229151618492759,0.002522522522522518,0.28800573900560966,0.01722168519457171,0.019488171382650542,0.32589217984474905,0.024637123219746915,0.027879529457038567,0.292256303493683,0.02429638677324456,0.0274939498699813,0.38867438867438864,0.002229151618492759,0.002522522522522518,0.03419777714448561,0.25805852634919735,0.267196036872037
LexGLUE_unfair_tos,MajorityBaseline,3,0.23166023166023167,0.0,0.0,0.02106002106002106,0.0,0.0,0.0909090909090909,1.6996749443881478e-17,1.9233632618876244e-17,0.03419777714448561,0.0,0.0,0.23166023166023167,0.0,0.0,0.03419777714448561,0.0,0.0
