dataset,model,n_splits,accuracy_mean,accuracy_std,accuracy_ci95,macro_precision_mean,macro_precision_std,macro_precision_ci95,macro_recall_mean,macro_recall_std,macro_recall_ci95,macro_f1_mean,macro_f1_std,macro_f1_ci95,micro_f1_mean,micro_f1_std,micro_f1_ci95
CUAD,TFIDF_SBERT_PortableStructure,5,0.7471418973313543,0.029507169651069542,0.025864174568056814,0.7560982673064213,0.030725495229815086,0.026932084022675124,0.764874862882216,0.023412730358134765,0.020522162994907632,0.7514511176421734,0.0271483589304549,0.02379658581005577,0.7471418973313543,0.029507169651069542,0.025864174568056814
CUAD,TFIDF_LinearSVM,5,0.7442339706389128,0.020679655854247515,0.018126517566628378,0.7526430445831072,0.017133760186181735,0.015018402974700869,0.7593301900627751,0.01649560969289102,0.01445903940461463,0.7446794860160793,0.01672965924798716,0.01466419288501166,0.7442339706389128,0.020679655854247515,0.018126517566628378
CUAD,TFIDF_plus_PortableStructure,5,0.74020567072076,0.030224812729447433,0.026493216461136202,0.7510269848643452,0.02043755511752185,0.017914306914377603,0.7525028851867088,0.023486836429240005,0.020587119830222038,0.7389160295969965,0.02562575992356088,0.0224619689363554,0.74020567072076,0.030224812729447433,0.026493216461136202
CUAD,SBERT_LinearSVM,5,0.6933572162510953,0.01536031851169734,0.01346391280849583,0.6982795825231886,0.016974646892198166,0.014878934023244172,0.7099660144636925,0.013636964592847068,0.011953326495854602,0.6963199868771662,0.01472793155028051,0.012909601196841303,0.6933572162510953,0.01536031851169734,0.01346391280849583
CUAD,SBERT_plus_PortableStructure,5,0.6805353225438001,0.026859714787426794,0.023543578063409506,0.6869231196496777,0.026615911522217067,0.023329875079144528,0.6956062973404304,0.0208445459505449,0.018271050108570254,0.683581451541895,0.02224370004283076,0.01949746274381875,0.6805353225438001,0.026859714787426794,0.023543578063409506
CUAD,PortableStructureOnly,5,0.3819510120611683,0.024041669676193835,0.02107345261391739,0.3442055069451865,0.018112540790615986,0.015876342001597613,0.3933583307817054,0.023113240132379417,0.020259648237580433,0.3385586082513285,0.02029161894061666,0.017786388215298515,0.3819510120611683,0.024041669676193835,0.02107345261391739
CUAD,MajorityBaseline,5,0.027556870632539938,0.006736758171583071,0.005905028894097679,0.001377843531626997,0.0003368379085791535,0.00029525144470488393,0.05,0.0,0.0,0.0026784302357665633,0.0006397180480551462,0.0005607375924188353,0.027556870632539938,0.006736758171583071,0.005905028894097679
LexGLUE_ledgar,TFIDF_LinearSVM,5,0.910144927536232,0.015667933558289618,0.013733549285288013,0.9094822677322678,0.017579452883894692,0.015409069849012153,0.9097252747252748,0.016221125871098484,0.014218443726787825,0.9065778820762487,0.0174107184321742,0.01526116758096843,0.910144927536232,0.015667933558289618,0.013733549285288013
LexGLUE_ledgar,TFIDF_SBERT_PortableStructure,5,0.9021739130434783,0.006275546404235091,0.005500758955483022,0.9036109250226898,0.006361516278760569,0.005576114872997811,0.9017032967032967,0.006534189203510812,0.0057274693648629894,0.8994098417361487,0.0057950408392011075,0.005079577257545713,0.9021739130434783,0.006275546404235091,0.005500758955483022
LexGLUE_ledgar,TFIDF_plus_PortableStructure,5,0.9014492753623188,0.0166824122220599,0.014622779040822105,0.9024984182484183,0.019192350032457742,0.016822836533653955,0.9009340659340659,0.017417019091663394,0.015266690352513426,0.898572861402022,0.018425963056520646,0.016151068730549743,0.9014492753623188,0.0166824122220599,0.014622779040822105
LexGLUE_ledgar,SBERT_LinearSVM,5,0.886231884057971,0.008341206111029942,0.0073113895204110465,0.8880478222757635,0.006512088185980091,0.005708096968855312,0.8858791208791208,0.008327393930585956,0.00729928261045007,0.8829616705668986,0.007172446756049077,0.006286926776517246,0.886231884057971,0.008341206111029942,0.0073113895204110465
LexGLUE_ledgar,SBERT_plus_PortableStructure,5,0.877536231884058,0.010053939801095356,0.008812666792080454,0.8797365143026908,0.010846207824522334,0.009507120333539043,0.876978021978022,0.010146999499394916,0.008894237214134921,0.8755285439903518,0.010032927260079429,0.008794248487804539,0.877536231884058,0.010053939801095356,0.008812666792080454
LexGLUE_ledgar,PortableStructureOnly,5,0.3572463768115942,0.010119014524470244,0.008869707302073085,0.3690833913290459,0.033958371280308125,0.029765824822474647,0.3562637362637363,0.010387740096202022,0.009105255651181506,0.33559686897236685,0.016291847451956363,0.014280433925599415,0.3572463768115942,0.010119014524470244,0.008869707302073085
LexGLUE_ledgar,MajorityBaseline,5,0.04710144927536232,0.0,0.0,0.002355072463768116,0.0,0.0,0.05,0.0,0.0,0.004498269896193772,0.0,0.0,0.04710144927536232,0.0,0.0
LexGLUE_unfair_tos,SBERT_LinearSVM,5,0.7734375,0.030257682392245445,0.026522027990898433,0.7452141310233065,0.03553144634410241,0.03114468591080535,0.7540404040404042,0.020643937423917704,0.018095208982027697,0.7388549121016188,0.03141437733343407,0.027535915809847766,0.7734375,0.030257682392245445,0.026522027990898433
LexGLUE_unfair_tos,TFIDF_SBERT_PortableStructure,5,0.7609375,0.025073135212314395,0.021977572019561215,0.7360283163688737,0.02924585533526058,0.025635122471188883,0.733910533910534,0.017659457908762215,0.015479197345277126,0.7268779788154036,0.022785988140806453,0.019972799219600133,0.7609375,0.025073135212314395,0.021977572019561215
LexGLUE_unfair_tos,TFIDF_LinearSVM,5,0.7484375,0.028384222069663987,0.024879867614197627,0.7254813056818404,0.03351678477834747,0.02937875718743314,0.7214285714285714,0.03422606571052211,0.030000469336192014,0.7123211230250156,0.034391012077581634,0.03014505120163161,0.7484375,0.028384222069663987,0.024879867614197627
LexGLUE_unfair_tos,SBERT_plus_PortableStructure,5,0.728125,0.020222154852413726,0.01772550025739753,0.7008444987948225,0.023066109430908154,0.02021833635627217,0.7051948051948053,0.025578192748652837,0.022420274469211333,0.6915546849052987,0.02497999398110189,0.02189593013075753,0.728125,0.020222154852413726,0.01772550025739753
LexGLUE_unfair_tos,TFIDF_plus_PortableStructure,5,0.7234375,0.03154160818466617,0.0276474385680663,0.7002426687207154,0.03139707741984669,0.02752075176699555,0.7005050505050505,0.0348944632586377,0.03058634561879563,0.6910290190082077,0.035040525911880886,0.030714375179272918,0.7234375,0.03154160818466617,0.0276474385680663
LexGLUE_unfair_tos,PortableStructureOnly,5,0.365625,0.025555355052806445,0.02240025634618943,0.3296210139913318,0.018819953910631123,0.016496416940813004,0.3476190476190476,0.01796993109524281,0.015751339092140465,0.32529629122065556,0.02299507448704258,0.02015607148267374,0.365625,0.025555355052806445,0.02240025634618943
LexGLUE_unfair_tos,MajorityBaseline,5,0.109375,0.0,0.0,0.009943181818181818,0.0,0.0,0.09090909090909091,0.0,0.0,0.017925736235595388,0.0,0.0,0.109375,0.0,0.0
