label,precision,recall,f1-score,support,model,split_seed
Affiliate License-Licensee,0.3333333333333333,0.26666666666666666,0.2962962962962963,30.0,TFIDF_LogisticRegression,42
Affiliate License-Licensor,0.20833333333333334,0.23809523809523808,0.2222222222222222,21.0,TFIDF_LogisticRegression,42
Agreement Date,0.6538461538461539,0.918918918918919,0.7640449438202247,37.0,TFIDF_LogisticRegression,42
Anti-Assignment,0.8849557522123894,0.819672131147541,0.851063829787234,122.0,TFIDF_LogisticRegression,42
Audit Rights,0.896551724137931,0.8863636363636364,0.8914285714285715,88.0,TFIDF_LogisticRegression,42
Cap On Liability,0.8378378378378378,0.7153846153846154,0.7717842323651453,130.0,TFIDF_LogisticRegression,42
Change Of Control,0.66,0.6875,0.673469387755102,48.0,TFIDF_LogisticRegression,42
Competitive Restriction Exception,0.19047619047619047,0.18181818181818182,0.18604651162790697,22.0,TFIDF_LogisticRegression,42
Covenant Not To Sue,0.88,0.7333333333333333,0.8,30.0,TFIDF_LogisticRegression,42
Document Name,0.9333333333333333,0.9767441860465116,0.9545454545454546,86.0,TFIDF_LogisticRegression,42
Effective Date,0.41025641025641024,0.35555555555555557,0.38095238095238093,45.0,TFIDF_LogisticRegression,42
Exclusivity,0.6190476190476191,0.40625,0.49056603773584906,96.0,TFIDF_LogisticRegression,42
Expiration Date,0.8481012658227848,0.7444444444444445,0.7928994082840237,90.0,TFIDF_LogisticRegression,42
Governing Law,0.9883720930232558,0.9659090909090909,0.9770114942528736,88.0,TFIDF_LogisticRegression,42
Insurance,0.968,0.9453125,0.9565217391304348,128.0,TFIDF_LogisticRegression,42
Ip Ownership Assignment,0.7560975609756098,0.8378378378378378,0.7948717948717948,74.0,TFIDF_LogisticRegression,42
Irrevocable Or Perpetual License,0.3482142857142857,0.6610169491525424,0.45614035087719296,59.0,TFIDF_LogisticRegression,42
Joint Ip Ownership,0.375,1.0,0.5454545454545454,6.0,TFIDF_LogisticRegression,42
License Grant,0.6016949152542372,0.4251497005988024,0.4982456140350877,167.0,TFIDF_LogisticRegression,42
Liquidated Damages,0.7333333333333333,0.5238095238095238,0.6111111111111112,21.0,TFIDF_LogisticRegression,42
Minimum Commitment,0.7647058823529411,0.6933333333333334,0.7272727272727273,75.0,TFIDF_LogisticRegression,42
Most Favored Nation,0.8333333333333334,0.5,0.625,10.0,TFIDF_LogisticRegression,42
No-Solicit Of Customers,0.6153846153846154,0.7272727272727273,0.6666666666666666,11.0,TFIDF_LogisticRegression,42
No-Solicit Of Employees,0.8064516129032258,0.8620689655172413,0.8333333333333334,29.0,TFIDF_LogisticRegression,42
Non-Compete,0.5636363636363636,0.6078431372549019,0.5849056603773585,51.0,TFIDF_LogisticRegression,42
Non-Disparagement,0.42105263157894735,0.6666666666666666,0.5161290322580645,12.0,TFIDF_LogisticRegression,42
Non-Transferable License,0.35384615384615387,0.35384615384615387,0.35384615384615387,65.0,TFIDF_LogisticRegression,42
Notice Period To Terminate Renewal,0.42857142857142855,0.625,0.5084745762711864,24.0,TFIDF_LogisticRegression,42
Parties,0.8493723849372385,0.9311926605504587,0.888402625820569,218.0,TFIDF_LogisticRegression,42
Post-Termination Services,0.7111111111111111,0.7032967032967034,0.7071823204419889,91.0,TFIDF_LogisticRegression,42
Price Restrictions,0.75,1.0,0.8571428571428571,3.0,TFIDF_LogisticRegression,42
Renewal Term,0.6333333333333333,0.4222222222222222,0.5066666666666667,45.0,TFIDF_LogisticRegression,42
Revenue/Profit Sharing,0.8020833333333334,0.9166666666666666,0.8555555555555555,84.0,TFIDF_LogisticRegression,42
Rofr/Rofo/Rofn,0.8026315789473685,0.7625,0.782051282051282,80.0,TFIDF_LogisticRegression,42
Source Code Escrow,0.7407407407407407,0.8695652173913043,0.8,23.0,TFIDF_LogisticRegression,42
Termination For Convenience,0.6666666666666666,0.8,0.7272727272727273,40.0,TFIDF_LogisticRegression,42
Third Party Beneficiary,1.0,0.9166666666666666,0.9565217391304348,12.0,TFIDF_LogisticRegression,42
Uncapped Liability,0.4594594594594595,0.4857142857142857,0.4722222222222222,35.0,TFIDF_LogisticRegression,42
Unlimited/All-You-Can-Eat-License,0.375,0.3333333333333333,0.35294117647058826,9.0,TFIDF_LogisticRegression,42
Volume Restriction,0.6756756756756757,0.6578947368421053,0.6666666666666666,38.0,TFIDF_LogisticRegression,42
Warranty Duration,0.671875,0.8958333333333334,0.7678571428571429,48.0,TFIDF_LogisticRegression,42
accuracy,0.7206189878711836,0.7206189878711836,0.7206189878711836,0.7206189878711836,TFIDF_LogisticRegression,42
macro avg,0.6597979621402433,0.6834316907314767,0.6602630989970156,2391.0,TFIDF_LogisticRegression,42
weighted avg,0.7297511854648452,0.7206189878711836,0.718616888247539,2391.0,TFIDF_LogisticRegression,42
Affiliate License-Licensee,0.3333333333333333,0.16666666666666666,0.2222222222222222,30.0,TFIDF_LinearSVM,42
Affiliate License-Licensor,0.29411764705882354,0.23809523809523808,0.2631578947368421,21.0,TFIDF_LinearSVM,42
Agreement Date,0.6470588235294118,0.8918918918918919,0.75,37.0,TFIDF_LinearSVM,42
Anti-Assignment,0.84375,0.8852459016393442,0.864,122.0,TFIDF_LinearSVM,42
Audit Rights,0.8494623655913979,0.8977272727272727,0.8729281767955801,88.0,TFIDF_LinearSVM,42
Cap On Liability,0.8014705882352942,0.8384615384615385,0.8195488721804511,130.0,TFIDF_LinearSVM,42
Change Of Control,0.6875,0.6875,0.6875,48.0,TFIDF_LinearSVM,42
Competitive Restriction Exception,0.18181818181818182,0.09090909090909091,0.12121212121212122,22.0,TFIDF_LinearSVM,42
Covenant Not To Sue,0.7857142857142857,0.7333333333333333,0.7586206896551724,30.0,TFIDF_LinearSVM,42
Document Name,0.9444444444444444,0.9883720930232558,0.9659090909090909,86.0,TFIDF_LinearSVM,42
Effective Date,0.4146341463414634,0.37777777777777777,0.3953488372093023,45.0,TFIDF_LinearSVM,42
Exclusivity,0.7413793103448276,0.4479166666666667,0.5584415584415584,96.0,TFIDF_LinearSVM,42
Expiration Date,0.8160919540229885,0.7888888888888889,0.8022598870056498,90.0,TFIDF_LinearSVM,42
Governing Law,0.9666666666666667,0.9886363636363636,0.9775280898876404,88.0,TFIDF_LinearSVM,42
Insurance,0.9754098360655737,0.9296875,0.952,128.0,TFIDF_LinearSVM,42
Ip Ownership Assignment,0.810126582278481,0.8648648648648649,0.8366013071895425,74.0,TFIDF_LinearSVM,42
Irrevocable Or Perpetual License,0.3448275862068966,0.5084745762711864,0.410958904109589,59.0,TFIDF_LinearSVM,42
Joint Ip Ownership,0.46153846153846156,1.0,0.631578947368421,6.0,TFIDF_LinearSVM,42
License Grant,0.5344827586206896,0.5568862275449101,0.5454545454545454,167.0,TFIDF_LinearSVM,42
Liquidated Damages,0.5882352941176471,0.47619047619047616,0.5263157894736842,21.0,TFIDF_LinearSVM,42
Minimum Commitment,0.7702702702702703,0.76,0.7651006711409396,75.0,TFIDF_LinearSVM,42
Most Favored Nation,0.6666666666666666,0.4,0.5,10.0,TFIDF_LinearSVM,42
No-Solicit Of Customers,0.7,0.6363636363636364,0.6666666666666666,11.0,TFIDF_LinearSVM,42
No-Solicit Of Employees,0.8387096774193549,0.896551724137931,0.8666666666666667,29.0,TFIDF_LinearSVM,42
Non-Compete,0.5517241379310345,0.6274509803921569,0.5871559633027523,51.0,TFIDF_LinearSVM,42
Non-Disparagement,0.6923076923076923,0.75,0.72,12.0,TFIDF_LinearSVM,42
Non-Transferable License,0.3888888888888889,0.2153846153846154,0.27722772277227725,65.0,TFIDF_LinearSVM,42
Notice Period To Terminate Renewal,0.4666666666666667,0.2916666666666667,0.358974358974359,24.0,TFIDF_LinearSVM,42
Parties,0.8796680497925311,0.9724770642201835,0.9237472766884531,218.0,TFIDF_LinearSVM,42
Post-Termination Services,0.7032967032967034,0.7032967032967034,0.7032967032967034,91.0,TFIDF_LinearSVM,42
Price Restrictions,0.6,1.0,0.75,3.0,TFIDF_LinearSVM,42
Renewal Term,0.627906976744186,0.6,0.6136363636363636,45.0,TFIDF_LinearSVM,42
Revenue/Profit Sharing,0.7916666666666666,0.9047619047619048,0.8444444444444444,84.0,TFIDF_LinearSVM,42
Rofr/Rofo/Rofn,0.7619047619047619,0.8,0.7804878048780488,80.0,TFIDF_LinearSVM,42
Source Code Escrow,0.6333333333333333,0.8260869565217391,0.7169811320754716,23.0,TFIDF_LinearSVM,42
Termination For Convenience,0.72,0.9,0.8,40.0,TFIDF_LinearSVM,42
Third Party Beneficiary,0.9166666666666666,0.9166666666666666,0.9166666666666666,12.0,TFIDF_LinearSVM,42
Uncapped Liability,0.6470588235294118,0.3142857142857143,0.4230769230769231,35.0,TFIDF_LinearSVM,42
Unlimited/All-You-Can-Eat-License,0.6,0.3333333333333333,0.42857142857142855,9.0,TFIDF_LinearSVM,42
Volume Restriction,0.7058823529411765,0.631578947368421,0.6666666666666666,38.0,TFIDF_LinearSVM,42
Warranty Duration,0.7454545454545455,0.8541666666666666,0.7961165048543689,48.0,TFIDF_LinearSVM,42
accuracy,0.73943956503555,0.73943956503555,0.73943956503555,0.73943956503555,TFIDF_LinearSVM,42
macro avg,0.6690276864977908,0.6754048280159782,0.660172460932454,2391.0,TFIDF_LinearSVM,42
weighted avg,0.7316368980658076,0.73943956503555,0.7294684671378386,2391.0,TFIDF_LinearSVM,42
Affiliate License-Licensee,0.3548387096774194,0.36666666666666664,0.36065573770491804,30.0,SBERT_LogisticRegression,42
Affiliate License-Licensor,0.18181818181818182,0.19047619047619047,0.18604651162790697,21.0,SBERT_LogisticRegression,42
Agreement Date,0.66,0.8918918918918919,0.7586206896551724,37.0,SBERT_LogisticRegression,42
Anti-Assignment,0.912621359223301,0.7704918032786885,0.8355555555555556,122.0,SBERT_LogisticRegression,42
Audit Rights,0.9302325581395349,0.9090909090909091,0.9195402298850575,88.0,SBERT_LogisticRegression,42
Cap On Liability,0.8461538461538461,0.5923076923076923,0.6968325791855203,130.0,SBERT_LogisticRegression,42
Change Of Control,0.4782608695652174,0.6875,0.5641025641025641,48.0,SBERT_LogisticRegression,42
Competitive Restriction Exception,0.32,0.36363636363636365,0.3404255319148936,22.0,SBERT_LogisticRegression,42
Covenant Not To Sue,0.5833333333333334,0.9333333333333333,0.717948717948718,30.0,SBERT_LogisticRegression,42
Document Name,0.9222222222222223,0.9651162790697675,0.9431818181818182,86.0,SBERT_LogisticRegression,42
Effective Date,0.5714285714285714,0.35555555555555557,0.4383561643835616,45.0,SBERT_LogisticRegression,42
Exclusivity,0.45161290322580644,0.2916666666666667,0.35443037974683544,96.0,SBERT_LogisticRegression,42
Expiration Date,0.8095238095238095,0.7555555555555555,0.7816091954022989,90.0,SBERT_LogisticRegression,42
Governing Law,0.9555555555555556,0.9772727272727273,0.9662921348314607,88.0,SBERT_LogisticRegression,42
Insurance,0.9745762711864406,0.8984375,0.9349593495934959,128.0,SBERT_LogisticRegression,42
Ip Ownership Assignment,0.6404494382022472,0.7702702702702703,0.6993865030674846,74.0,SBERT_LogisticRegression,42
Irrevocable Or Perpetual License,0.30275229357798167,0.559322033898305,0.39285714285714285,59.0,SBERT_LogisticRegression,42
Joint Ip Ownership,0.5,0.6666666666666666,0.5714285714285714,6.0,SBERT_LogisticRegression,42
License Grant,0.6349206349206349,0.23952095808383234,0.34782608695652173,167.0,SBERT_LogisticRegression,42
Liquidated Damages,0.4,0.6666666666666666,0.5,21.0,SBERT_LogisticRegression,42
Minimum Commitment,0.7959183673469388,0.52,0.6290322580645161,75.0,SBERT_LogisticRegression,42
Most Favored Nation,0.2631578947368421,0.5,0.3448275862068966,10.0,SBERT_LogisticRegression,42
No-Solicit Of Customers,0.15789473684210525,0.5454545454545454,0.24489795918367346,11.0,SBERT_LogisticRegression,42
No-Solicit Of Employees,0.7272727272727273,0.8275862068965517,0.7741935483870968,29.0,SBERT_LogisticRegression,42
Non-Compete,0.5428571428571428,0.37254901960784315,0.4418604651162791,51.0,SBERT_LogisticRegression,42
Non-Disparagement,0.5714285714285714,0.6666666666666666,0.6153846153846154,12.0,SBERT_LogisticRegression,42
Non-Transferable License,0.3333333333333333,0.5230769230769231,0.40718562874251496,65.0,SBERT_LogisticRegression,42
Notice Period To Terminate Renewal,0.4090909090909091,0.75,0.5294117647058824,24.0,SBERT_LogisticRegression,42
Parties,0.9579439252336449,0.9403669724770642,0.9490740740740741,218.0,SBERT_LogisticRegression,42
Post-Termination Services,0.6710526315789473,0.5604395604395604,0.6107784431137725,91.0,SBERT_LogisticRegression,42
Price Restrictions,0.75,1.0,0.8571428571428571,3.0,SBERT_LogisticRegression,42
Renewal Term,0.5666666666666667,0.37777777777777777,0.4533333333333333,45.0,SBERT_LogisticRegression,42
Revenue/Profit Sharing,0.8395061728395061,0.8095238095238095,0.8242424242424242,84.0,SBERT_LogisticRegression,42
Rofr/Rofo/Rofn,0.7719298245614035,0.55,0.6423357664233577,80.0,SBERT_LogisticRegression,42
Source Code Escrow,0.6923076923076923,0.782608695652174,0.7346938775510204,23.0,SBERT_LogisticRegression,42
Termination For Convenience,0.5409836065573771,0.825,0.6534653465346535,40.0,SBERT_LogisticRegression,42
Third Party Beneficiary,1.0,0.8333333333333334,0.9090909090909091,12.0,SBERT_LogisticRegression,42
Uncapped Liability,0.4444444444444444,0.6857142857142857,0.5393258426966292,35.0,SBERT_LogisticRegression,42
Unlimited/All-You-Can-Eat-License,0.0967741935483871,0.3333333333333333,0.15,9.0,SBERT_LogisticRegression,42
Volume Restriction,0.5384615384615384,0.7368421052631579,0.6222222222222222,38.0,SBERT_LogisticRegression,42
Warranty Duration,0.6833333333333333,0.8541666666666666,0.7592592592592593,48.0,SBERT_LogisticRegression,42
accuracy,0.6733584274362192,0.6733584274362192,0.6733584274362192,0.6733584274362192,SBERT_LogisticRegression,42
macro avg,0.6045038602486735,0.654777698348084,0.609800332817207,2391.0,SBERT_LogisticRegression,42
weighted avg,0.7121252285598737,0.6733584274362192,0.6752033280477487,2391.0,SBERT_LogisticRegression,42
Affiliate License-Licensee,0.30303030303030304,0.3333333333333333,0.31746031746031744,30.0,SBERT_LinearSVM,42
Affiliate License-Licensor,0.11764705882352941,0.09523809523809523,0.10526315789473684,21.0,SBERT_LinearSVM,42
Agreement Date,0.6530612244897959,0.8648648648648649,0.7441860465116279,37.0,SBERT_LinearSVM,42
Anti-Assignment,0.9196428571428571,0.8442622950819673,0.8803418803418803,122.0,SBERT_LinearSVM,42
Audit Rights,0.9032258064516129,0.9545454545454546,0.9281767955801105,88.0,SBERT_LinearSVM,42
Cap On Liability,0.7481481481481481,0.7769230769230769,0.7622641509433963,130.0,SBERT_LinearSVM,42
Change Of Control,0.47761194029850745,0.6666666666666666,0.5565217391304348,48.0,SBERT_LinearSVM,42
Competitive Restriction Exception,0.14285714285714285,0.18181818181818182,0.16,22.0,SBERT_LinearSVM,42
Covenant Not To Sue,0.54,0.9,0.675,30.0,SBERT_LinearSVM,42
Document Name,0.9550561797752809,0.9883720930232558,0.9714285714285714,86.0,SBERT_LinearSVM,42
Effective Date,0.5925925925925926,0.35555555555555557,0.4444444444444444,45.0,SBERT_LinearSVM,42
Exclusivity,0.36486486486486486,0.28125,0.3176470588235294,96.0,SBERT_LinearSVM,42
Expiration Date,0.8068181818181818,0.7888888888888889,0.797752808988764,90.0,SBERT_LinearSVM,42
Governing Law,0.9560439560439561,0.9886363636363636,0.9720670391061452,88.0,SBERT_LinearSVM,42
Insurance,0.9682539682539683,0.953125,0.9606299212598425,128.0,SBERT_LinearSVM,42
Ip Ownership Assignment,0.6966292134831461,0.8378378378378378,0.7607361963190185,74.0,SBERT_LinearSVM,42
Irrevocable Or Perpetual License,0.3018867924528302,0.5423728813559322,0.3878787878787879,59.0,SBERT_LinearSVM,42
Joint Ip Ownership,0.4,0.3333333333333333,0.36363636363636365,6.0,SBERT_LinearSVM,42
License Grant,0.5591397849462365,0.31137724550898205,0.4,167.0,SBERT_LinearSVM,42
Liquidated Damages,0.34375,0.5238095238095238,0.41509433962264153,21.0,SBERT_LinearSVM,42
Minimum Commitment,0.8,0.5333333333333333,0.64,75.0,SBERT_LinearSVM,42
Most Favored Nation,0.1935483870967742,0.6,0.2926829268292683,10.0,SBERT_LinearSVM,42
No-Solicit Of Customers,0.18518518518518517,0.45454545454545453,0.2631578947368421,11.0,SBERT_LinearSVM,42
No-Solicit Of Employees,0.7142857142857143,0.8620689655172413,0.78125,29.0,SBERT_LinearSVM,42
Non-Compete,0.4583333333333333,0.43137254901960786,0.4444444444444444,51.0,SBERT_LinearSVM,42
Non-Disparagement,0.5384615384615384,0.5833333333333334,0.56,12.0,SBERT_LinearSVM,42
Non-Transferable License,0.3230769230769231,0.3230769230769231,0.3230769230769231,65.0,SBERT_LinearSVM,42
Notice Period To Terminate Renewal,0.42857142857142855,0.625,0.5084745762711864,24.0,SBERT_LinearSVM,42
Parties,0.9459459459459459,0.963302752293578,0.9545454545454546,218.0,SBERT_LinearSVM,42
Post-Termination Services,0.7931034482758621,0.5054945054945055,0.6174496644295302,91.0,SBERT_LinearSVM,42
Price Restrictions,0.6,1.0,0.75,3.0,SBERT_LinearSVM,42
Renewal Term,0.5862068965517241,0.37777777777777777,0.4594594594594595,45.0,SBERT_LinearSVM,42
Revenue/Profit Sharing,0.7741935483870968,0.8571428571428571,0.8135593220338984,84.0,SBERT_LinearSVM,42
Rofr/Rofo/Rofn,0.7592592592592593,0.5125,0.6119402985074627,80.0,SBERT_LinearSVM,42
Source Code Escrow,0.5862068965517241,0.7391304347826086,0.6538461538461539,23.0,SBERT_LinearSVM,42
Termination For Convenience,0.6153846153846154,0.8,0.6956521739130435,40.0,SBERT_LinearSVM,42
Third Party Beneficiary,1.0,0.75,0.8571428571428571,12.0,SBERT_LinearSVM,42
Uncapped Liability,0.5555555555555556,0.2857142857142857,0.37735849056603776,35.0,SBERT_LinearSVM,42
Unlimited/All-You-Can-Eat-License,0.25,0.2222222222222222,0.23529411764705882,9.0,SBERT_LinearSVM,42
Volume Restriction,0.5111111111111111,0.6052631578947368,0.5542168674698795,38.0,SBERT_LinearSVM,42
Warranty Duration,0.7049180327868853,0.8958333333333334,0.7889908256880734,48.0,SBERT_LinearSVM,42
accuracy,0.6808866583019657,0.6808866583019657,0.6808866583019657,0.6808866583019657,SBERT_LinearSVM,42
macro avg,0.5871611667144787,0.6207151848025149,0.5878798065848339,2391.0,SBERT_LinearSVM,42
weighted avg,0.6971982182928779,0.6808866583019657,0.6775897510401299,2391.0,SBERT_LinearSVM,42
Affiliate License-Licensee,0.3333333333333333,0.45454545454545453,0.38461538461538464,22.0,TFIDF_LogisticRegression,43
Affiliate License-Licensor,0.0,0.0,0.0,4.0,TFIDF_LogisticRegression,43
Agreement Date,0.5925925925925926,1.0,0.7441860465116279,32.0,TFIDF_LogisticRegression,43
Anti-Assignment,0.8240740740740741,0.7672413793103449,0.7946428571428571,116.0,TFIDF_LogisticRegression,43
Audit Rights,0.9420289855072463,0.9154929577464789,0.9285714285714286,142.0,TFIDF_LogisticRegression,43
Cap On Liability,0.8617021276595744,0.6864406779661016,0.7641509433962265,118.0,TFIDF_LogisticRegression,43
Change Of Control,0.7169811320754716,0.6129032258064516,0.6608695652173913,62.0,TFIDF_LogisticRegression,43
Competitive Restriction Exception,0.35294117647058826,0.2222222222222222,0.2727272727272727,27.0,TFIDF_LogisticRegression,43
Covenant Not To Sue,1.0,0.8108108108108109,0.8955223880597015,37.0,TFIDF_LogisticRegression,43
Document Name,0.8888888888888888,0.9887640449438202,0.9361702127659575,89.0,TFIDF_LogisticRegression,43
Effective Date,0.5365853658536586,0.41509433962264153,0.46808510638297873,53.0,TFIDF_LogisticRegression,43
Exclusivity,0.5961538461538461,0.4696969696969697,0.5254237288135594,66.0,TFIDF_LogisticRegression,43
Expiration Date,0.7888888888888889,0.7802197802197802,0.7845303867403315,91.0,TFIDF_LogisticRegression,43
Governing Law,1.0,0.9885057471264368,0.9942196531791907,87.0,TFIDF_LogisticRegression,43
Insurance,0.9487179487179487,0.9173553719008265,0.9327731092436975,121.0,TFIDF_LogisticRegression,43
Ip Ownership Assignment,0.75,0.8421052631578947,0.7933884297520661,57.0,TFIDF_LogisticRegression,43
Irrevocable Or Perpetual License,0.3409090909090909,0.5,0.40540540540540543,30.0,TFIDF_LogisticRegression,43
Joint Ip Ownership,0.8947368421052632,0.8095238095238095,0.85,21.0,TFIDF_LogisticRegression,43
License Grant,0.6310679611650486,0.4452054794520548,0.5220883534136547,146.0,TFIDF_LogisticRegression,43
Liquidated Damages,0.6756756756756757,0.8333333333333334,0.746268656716418,30.0,TFIDF_LogisticRegression,43
Minimum Commitment,0.7464788732394366,0.7910447761194029,0.7681159420289855,67.0,TFIDF_LogisticRegression,43
Most Favored Nation,1.0,0.5454545454545454,0.7058823529411765,11.0,TFIDF_LogisticRegression,43
No-Solicit Of Customers,0.875,0.5,0.6363636363636364,14.0,TFIDF_LogisticRegression,43
No-Solicit Of Employees,0.7142857142857143,0.7692307692307693,0.7407407407407407,13.0,TFIDF_LogisticRegression,43
Non-Compete,0.5925925925925926,0.6274509803921569,0.6095238095238096,51.0,TFIDF_LogisticRegression,43
Non-Disparagement,0.375,0.8571428571428571,0.5217391304347826,7.0,TFIDF_LogisticRegression,43
Non-Transferable License,0.35714285714285715,0.37037037037037035,0.36363636363636365,54.0,TFIDF_LogisticRegression,43
Notice Period To Terminate Renewal,0.4838709677419355,0.6,0.5357142857142857,25.0,TFIDF_LogisticRegression,43
Parties,0.8482142857142857,0.9595959595959596,0.9004739336492891,198.0,TFIDF_LogisticRegression,43
Post-Termination Services,0.7142857142857143,0.625,0.6666666666666666,104.0,TFIDF_LogisticRegression,43
Price Restrictions,0.5,0.75,0.6,4.0,TFIDF_LogisticRegression,43
Renewal Term,0.7083333333333334,0.4594594594594595,0.5573770491803278,37.0,TFIDF_LogisticRegression,43
Revenue/Profit Sharing,0.7582417582417582,0.9324324324324325,0.8363636363636363,74.0,TFIDF_LogisticRegression,43
Rofr/Rofo/Rofn,0.6428571428571429,0.6585365853658537,0.6506024096385542,41.0,TFIDF_LogisticRegression,43
Source Code Escrow,0.6176470588235294,0.9130434782608695,0.7368421052631579,23.0,TFIDF_LogisticRegression,43
Termination For Convenience,0.59375,0.8085106382978723,0.6846846846846847,47.0,TFIDF_LogisticRegression,43
Third Party Beneficiary,1.0,0.625,0.7692307692307693,8.0,TFIDF_LogisticRegression,43
Uncapped Liability,0.45714285714285713,0.5517241379310345,0.5,29.0,TFIDF_LogisticRegression,43
Volume Restriction,0.6052631578947368,0.5897435897435898,0.5974025974025974,39.0,TFIDF_LogisticRegression,43
Warranty Duration,0.5263157894736842,0.9090909090909091,0.6666666666666666,11.0,TFIDF_LogisticRegression,43
accuracy,0.7373188405797102,0.7373188405797102,0.7373188405797102,0.7373188405797102,TFIDF_LogisticRegression,43
macro avg,0.6697925008210193,0.6825573089068379,0.6612916427196319,2208.0,TFIDF_LogisticRegression,43
weighted avg,0.7452101981862287,0.7373188405797102,0.7339334999990903,2208.0,TFIDF_LogisticRegression,43
Affiliate License-Licensee,0.3333333333333333,0.36363636363636365,0.34782608695652173,22.0,TFIDF_LinearSVM,43
Affiliate License-Licensor,0.0,0.0,0.0,4.0,TFIDF_LinearSVM,43
Agreement Date,0.5882352941176471,0.9375,0.7228915662650602,32.0,TFIDF_LinearSVM,43
Anti-Assignment,0.8235294117647058,0.8448275862068966,0.8340425531914893,116.0,TFIDF_LinearSVM,43
Audit Rights,0.8940397350993378,0.9507042253521126,0.9215017064846417,142.0,TFIDF_LinearSVM,43
Cap On Liability,0.8220338983050848,0.8220338983050848,0.8220338983050848,118.0,TFIDF_LinearSVM,43
Change Of Control,0.7592592592592593,0.6612903225806451,0.7068965517241379,62.0,TFIDF_LinearSVM,43
Competitive Restriction Exception,0.5,0.2222222222222222,0.3076923076923077,27.0,TFIDF_LinearSVM,43
Covenant Not To Sue,0.9666666666666667,0.7837837837837838,0.8656716417910447,37.0,TFIDF_LinearSVM,43
Document Name,0.898989898989899,1.0,0.9468085106382979,89.0,TFIDF_LinearSVM,43
Effective Date,0.6896551724137931,0.37735849056603776,0.4878048780487805,53.0,TFIDF_LinearSVM,43
Exclusivity,0.54,0.4090909090909091,0.46551724137931033,66.0,TFIDF_LinearSVM,43
Expiration Date,0.7333333333333333,0.8461538461538461,0.7857142857142857,91.0,TFIDF_LinearSVM,43
Governing Law,0.9885057471264368,0.9885057471264368,0.9885057471264368,87.0,TFIDF_LinearSVM,43
Insurance,0.9666666666666667,0.9586776859504132,0.9626556016597511,121.0,TFIDF_LinearSVM,43
Ip Ownership Assignment,0.8620689655172413,0.8771929824561403,0.8695652173913043,57.0,TFIDF_LinearSVM,43
Irrevocable Or Perpetual License,0.3939393939393939,0.43333333333333335,0.4126984126984127,30.0,TFIDF_LinearSVM,43
Joint Ip Ownership,0.7894736842105263,0.7142857142857143,0.75,21.0,TFIDF_LinearSVM,43
License Grant,0.5942028985507246,0.5616438356164384,0.5774647887323944,146.0,TFIDF_LinearSVM,43
Liquidated Damages,0.7272727272727273,0.8,0.7619047619047619,30.0,TFIDF_LinearSVM,43
Minimum Commitment,0.7307692307692307,0.8507462686567164,0.7862068965517242,67.0,TFIDF_LinearSVM,43
Most Favored Nation,0.8571428571428571,0.5454545454545454,0.6666666666666666,11.0,TFIDF_LinearSVM,43
No-Solicit Of Customers,0.8,0.5714285714285714,0.6666666666666666,14.0,TFIDF_LinearSVM,43
No-Solicit Of Employees,0.6875,0.8461538461538461,0.7586206896551724,13.0,TFIDF_LinearSVM,43
Non-Compete,0.5333333333333333,0.6274509803921569,0.5765765765765766,51.0,TFIDF_LinearSVM,43
Non-Disparagement,0.6363636363636364,1.0,0.7777777777777778,7.0,TFIDF_LinearSVM,43
Non-Transferable License,0.3870967741935484,0.2222222222222222,0.2823529411764706,54.0,TFIDF_LinearSVM,43
Notice Period To Terminate Renewal,0.4,0.32,0.35555555555555557,25.0,TFIDF_LinearSVM,43
Parties,0.8858447488584474,0.9797979797979798,0.9304556354916067,198.0,TFIDF_LinearSVM,43
Post-Termination Services,0.7763157894736842,0.5673076923076923,0.6555555555555556,104.0,TFIDF_LinearSVM,43
Price Restrictions,0.42857142857142855,0.75,0.5454545454545454,4.0,TFIDF_LinearSVM,43
Renewal Term,0.6875,0.5945945945945946,0.6376811594202898,37.0,TFIDF_LinearSVM,43
Revenue/Profit Sharing,0.7083333333333334,0.918918918918919,0.8,74.0,TFIDF_LinearSVM,43
Rofr/Rofo/Rofn,0.5714285714285714,0.6829268292682927,0.6222222222222222,41.0,TFIDF_LinearSVM,43
Source Code Escrow,0.625,0.8695652173913043,0.7272727272727273,23.0,TFIDF_LinearSVM,43
Termination For Convenience,0.6166666666666667,0.7872340425531915,0.6915887850467289,47.0,TFIDF_LinearSVM,43
Third Party Beneficiary,0.8333333333333334,0.625,0.7142857142857143,8.0,TFIDF_LinearSVM,43
Uncapped Liability,0.625,0.3448275862068966,0.4444444444444444,29.0,TFIDF_LinearSVM,43
Unlimited/All-You-Can-Eat-License,0.0,0.0,0.0,0.0,TFIDF_LinearSVM,43
Volume Restriction,0.625,0.5128205128205128,0.5633802816901409,39.0,TFIDF_LinearSVM,43
Warranty Duration,0.7142857142857143,0.9090909090909091,0.8,11.0,TFIDF_LinearSVM,43
accuracy,0.7518115942028986,0.7518115942028986,0.7518115942028986,0.7518115942028986,TFIDF_LinearSVM,43
macro avg,0.6585534513248918,0.6604336991201153,0.647316112175966,2208.0,TFIDF_LinearSVM,43
weighted avg,0.7475489122315967,0.7518115942028986,0.7422702615754414,2208.0,TFIDF_LinearSVM,43
Affiliate License-Licensee,0.32142857142857145,0.4090909090909091,0.36,22.0,SBERT_LogisticRegression,43
Affiliate License-Licensor,0.0,0.0,0.0,4.0,SBERT_LogisticRegression,43
Agreement Date,0.64,1.0,0.7804878048780488,32.0,SBERT_LogisticRegression,43
Anti-Assignment,0.8842105263157894,0.7241379310344828,0.7962085308056872,116.0,SBERT_LogisticRegression,43
Audit Rights,0.9219858156028369,0.9154929577464789,0.9187279151943463,142.0,SBERT_LogisticRegression,43
Cap On Liability,0.8918918918918919,0.559322033898305,0.6875,118.0,SBERT_LogisticRegression,43
Change Of Control,0.7258064516129032,0.7258064516129032,0.7258064516129032,62.0,SBERT_LogisticRegression,43
Competitive Restriction Exception,0.2,0.2962962962962963,0.23880597014925373,27.0,SBERT_LogisticRegression,43
Covenant Not To Sue,0.7272727272727273,0.8648648648648649,0.7901234567901234,37.0,SBERT_LogisticRegression,43
Document Name,0.9354838709677419,0.9775280898876404,0.9560439560439561,89.0,SBERT_LogisticRegression,43
Effective Date,0.6875,0.41509433962264153,0.5176470588235295,53.0,SBERT_LogisticRegression,43
Exclusivity,0.34545454545454546,0.2878787878787879,0.3140495867768595,66.0,SBERT_LogisticRegression,43
Expiration Date,0.7613636363636364,0.7362637362637363,0.7486033519553073,91.0,SBERT_LogisticRegression,43
Governing Law,0.9555555555555556,0.9885057471264368,0.9717514124293786,87.0,SBERT_LogisticRegression,43
Insurance,0.9747899159663865,0.9586776859504132,0.9666666666666667,121.0,SBERT_LogisticRegression,43
Ip Ownership Assignment,0.6666666666666666,0.7017543859649122,0.6837606837606838,57.0,SBERT_LogisticRegression,43
Irrevocable Or Perpetual License,0.34375,0.36666666666666664,0.3548387096774194,30.0,SBERT_LogisticRegression,43
Joint Ip Ownership,0.6666666666666666,0.7619047619047619,0.7111111111111111,21.0,SBERT_LogisticRegression,43
License Grant,0.6585365853658537,0.3698630136986301,0.47368421052631576,146.0,SBERT_LogisticRegression,43
Liquidated Damages,0.5306122448979592,0.8666666666666667,0.6582278481012658,30.0,SBERT_LogisticRegression,43
Minimum Commitment,0.7758620689655172,0.6716417910447762,0.72,67.0,SBERT_LogisticRegression,43
Most Favored Nation,0.4117647058823529,0.6363636363636364,0.5,11.0,SBERT_LogisticRegression,43
No-Solicit Of Customers,0.5,0.42857142857142855,0.46153846153846156,14.0,SBERT_LogisticRegression,43
No-Solicit Of Employees,0.5625,0.6923076923076923,0.6206896551724138,13.0,SBERT_LogisticRegression,43
Non-Compete,0.5128205128205128,0.39215686274509803,0.4444444444444444,51.0,SBERT_LogisticRegression,43
Non-Disparagement,0.3,0.8571428571428571,0.4444444444444444,7.0,SBERT_LogisticRegression,43
Non-Transferable License,0.3333333333333333,0.4444444444444444,0.38095238095238093,54.0,SBERT_LogisticRegression,43
Notice Period To Terminate Renewal,0.4827586206896552,0.56,0.5185185185185185,25.0,SBERT_LogisticRegression,43
Parties,0.9797979797979798,0.9797979797979798,0.9797979797979798,198.0,SBERT_LogisticRegression,43
Post-Termination Services,0.6046511627906976,0.5,0.5473684210526316,104.0,SBERT_LogisticRegression,43
Price Restrictions,0.4,1.0,0.5714285714285714,4.0,SBERT_LogisticRegression,43
Renewal Term,0.5666666666666667,0.4594594594594595,0.5074626865671642,37.0,SBERT_LogisticRegression,43
Revenue/Profit Sharing,0.8072289156626506,0.9054054054054054,0.8535031847133758,74.0,SBERT_LogisticRegression,43
Rofr/Rofo/Rofn,0.5,0.5121951219512195,0.5060240963855421,41.0,SBERT_LogisticRegression,43
Source Code Escrow,0.6923076923076923,0.782608695652174,0.7346938775510204,23.0,SBERT_LogisticRegression,43
Termination For Convenience,0.5606060606060606,0.7872340425531915,0.6548672566371682,47.0,SBERT_LogisticRegression,43
Third Party Beneficiary,0.6666666666666666,0.75,0.7058823529411765,8.0,SBERT_LogisticRegression,43
Uncapped Liability,0.4222222222222222,0.6551724137931034,0.5135135135135135,29.0,SBERT_LogisticRegression,43
Unlimited/All-You-Can-Eat-License,0.0,0.0,0.0,0.0,SBERT_LogisticRegression,43
Volume Restriction,0.6216216216216216,0.5897435897435898,0.6052631578947368,39.0,SBERT_LogisticRegression,43
Warranty Duration,0.47619047619047616,0.9090909090909091,0.625,11.0,SBERT_LogisticRegression,43
accuracy,0.7015398550724637,0.7015398550724637,0.7015398550724637,0.7015398550724637,SBERT_LogisticRegression,43
macro avg,0.5857554726403374,0.6448573574693293,0.5987667738745462,2208.0,SBERT_LogisticRegression,43
weighted avg,0.7287126061756943,0.7015398550724637,0.7047262138486218,2208.0,SBERT_LogisticRegression,43
Affiliate License-Licensee,0.3333333333333333,0.45454545454545453,0.38461538461538464,22.0,SBERT_LinearSVM,43
Affiliate License-Licensor,0.0,0.0,0.0,4.0,SBERT_LinearSVM,43
Agreement Date,0.6153846153846154,1.0,0.7619047619047619,32.0,SBERT_LinearSVM,43
Anti-Assignment,0.8055555555555556,0.75,0.7767857142857143,116.0,SBERT_LinearSVM,43
Audit Rights,0.9047619047619048,0.9366197183098591,0.9204152249134948,142.0,SBERT_LinearSVM,43
Cap On Liability,0.8269230769230769,0.7288135593220338,0.7747747747747747,118.0,SBERT_LinearSVM,43
Change Of Control,0.7413793103448276,0.6935483870967742,0.7166666666666667,62.0,SBERT_LinearSVM,43
Competitive Restriction Exception,0.12121212121212122,0.14814814814814814,0.13333333333333333,27.0,SBERT_LinearSVM,43
Covenant Not To Sue,0.967741935483871,0.8108108108108109,0.8823529411764706,37.0,SBERT_LinearSVM,43
Document Name,0.967391304347826,1.0,0.9834254143646409,89.0,SBERT_LinearSVM,43
Effective Date,0.71875,0.4339622641509434,0.5411764705882353,53.0,SBERT_LinearSVM,43
Exclusivity,0.33962264150943394,0.2727272727272727,0.3025210084033613,66.0,SBERT_LinearSVM,43
Expiration Date,0.7419354838709677,0.7582417582417582,0.75,91.0,SBERT_LinearSVM,43
Governing Law,0.9560439560439561,1.0,0.9775280898876404,87.0,SBERT_LinearSVM,43
Insurance,0.975,0.9669421487603306,0.970954356846473,121.0,SBERT_LinearSVM,43
Ip Ownership Assignment,0.6774193548387096,0.7368421052631579,0.7058823529411765,57.0,SBERT_LinearSVM,43
Irrevocable Or Perpetual License,0.3333333333333333,0.43333333333333335,0.37681159420289856,30.0,SBERT_LinearSVM,43
Joint Ip Ownership,0.7142857142857143,0.7142857142857143,0.7142857142857143,21.0,SBERT_LinearSVM,43
License Grant,0.651685393258427,0.3972602739726027,0.49361702127659574,146.0,SBERT_LinearSVM,43
Liquidated Damages,0.48936170212765956,0.7666666666666667,0.5974025974025974,30.0,SBERT_LinearSVM,43
Minimum Commitment,0.6712328767123288,0.7313432835820896,0.7,67.0,SBERT_LinearSVM,43
Most Favored Nation,0.625,0.45454545454545453,0.5263157894736842,11.0,SBERT_LinearSVM,43
No-Solicit Of Customers,0.42857142857142855,0.42857142857142855,0.42857142857142855,14.0,SBERT_LinearSVM,43
No-Solicit Of Employees,0.6,0.6923076923076923,0.6428571428571429,13.0,SBERT_LinearSVM,43
Non-Compete,0.49019607843137253,0.49019607843137253,0.49019607843137253,51.0,SBERT_LinearSVM,43
Non-Disparagement,0.42857142857142855,0.8571428571428571,0.5714285714285714,7.0,SBERT_LinearSVM,43
Non-Transferable License,0.34285714285714286,0.4444444444444444,0.3870967741935484,54.0,SBERT_LinearSVM,43
Notice Period To Terminate Renewal,0.4090909090909091,0.36,0.3829787234042553,25.0,SBERT_LinearSVM,43
Parties,0.9471153846153846,0.9949494949494949,0.9704433497536946,198.0,SBERT_LinearSVM,43
Post-Termination Services,0.618421052631579,0.4519230769230769,0.5222222222222223,104.0,SBERT_LinearSVM,43
Price Restrictions,0.5,1.0,0.6666666666666666,4.0,SBERT_LinearSVM,43
Renewal Term,0.6388888888888888,0.6216216216216216,0.6301369863013698,37.0,SBERT_LinearSVM,43
Revenue/Profit Sharing,0.8227848101265823,0.8783783783783784,0.8496732026143791,74.0,SBERT_LinearSVM,43
Rofr/Rofo/Rofn,0.5,0.3902439024390244,0.4383561643835616,41.0,SBERT_LinearSVM,43
Source Code Escrow,0.7391304347826086,0.7391304347826086,0.7391304347826086,23.0,SBERT_LinearSVM,43
Termination For Convenience,0.6333333333333333,0.8085106382978723,0.7102803738317757,47.0,SBERT_LinearSVM,43
Third Party Beneficiary,0.7777777777777778,0.875,0.8235294117647058,8.0,SBERT_LinearSVM,43
Uncapped Liability,0.4444444444444444,0.41379310344827586,0.42857142857142855,29.0,SBERT_LinearSVM,43
Unlimited/All-You-Can-Eat-License,0.0,0.0,0.0,0.0,SBERT_LinearSVM,43
Volume Restriction,0.5853658536585366,0.6153846153846154,0.6,39.0,SBERT_LinearSVM,43
Warranty Duration,0.45454545454545453,0.9090909090909091,0.6060606060606061,11.0,SBERT_LinearSVM,43
accuracy,0.7119565217391305,0.7119565217391305,0.7119565217391305,0.7119565217391305,SBERT_LinearSVM,43
macro avg,0.5984987325769399,0.6380323178042946,0.6068041165166574,2208.0,SBERT_LinearSVM,43
weighted avg,0.7224851214709095,0.7119565217391305,0.7103787360554534,2208.0,SBERT_LinearSVM,43
Affiliate License-Licensee,0.20833333333333334,0.25,0.22727272727272727,20.0,TFIDF_LogisticRegression,44
Affiliate License-Licensor,0.2857142857142857,0.18181818181818182,0.2222222222222222,11.0,TFIDF_LogisticRegression,44
Agreement Date,0.64,0.9142857142857143,0.7529411764705882,35.0,TFIDF_LogisticRegression,44
Anti-Assignment,0.8472222222222222,0.8472222222222222,0.8472222222222222,144.0,TFIDF_LogisticRegression,44
Audit Rights,0.9178082191780822,0.9370629370629371,0.9273356401384083,143.0,TFIDF_LogisticRegression,44
Cap On Liability,0.849624060150376,0.7337662337662337,0.7874564459930313,154.0,TFIDF_LogisticRegression,44
Change Of Control,0.7586206896551724,0.7213114754098361,0.7394957983193278,61.0,TFIDF_LogisticRegression,44
Competitive Restriction Exception,0.13793103448275862,0.16,0.14814814814814814,25.0,TFIDF_LogisticRegression,44
Covenant Not To Sue,0.896551724137931,0.7647058823529411,0.8253968253968254,34.0,TFIDF_LogisticRegression,44
Document Name,0.8888888888888888,0.9887640449438202,0.9361702127659575,89.0,TFIDF_LogisticRegression,44
Effective Date,0.6111111111111112,0.4230769230769231,0.5,52.0,TFIDF_LogisticRegression,44
Exclusivity,0.6119402985074627,0.5256410256410257,0.5655172413793104,78.0,TFIDF_LogisticRegression,44
Expiration Date,0.7021276595744681,0.7586206896551724,0.7292817679558011,87.0,TFIDF_LogisticRegression,44
Governing Law,0.989247311827957,0.968421052631579,0.9787234042553191,95.0,TFIDF_LogisticRegression,44
Insurance,0.9727891156462585,0.9285714285714286,0.9501661129568106,154.0,TFIDF_LogisticRegression,44
Ip Ownership Assignment,0.6986301369863014,0.8095238095238095,0.75,63.0,TFIDF_LogisticRegression,44
Irrevocable Or Perpetual License,0.32142857142857145,0.42857142857142855,0.3673469387755102,21.0,TFIDF_LogisticRegression,44
Joint Ip Ownership,0.7222222222222222,0.6190476190476191,0.6666666666666666,21.0,TFIDF_LogisticRegression,44
License Grant,0.7023809523809523,0.44360902255639095,0.543778801843318,133.0,TFIDF_LogisticRegression,44
Liquidated Damages,0.7560975609756098,0.775,0.7654320987654321,40.0,TFIDF_LogisticRegression,44
Minimum Commitment,0.7157894736842105,0.7391304347826086,0.7272727272727273,92.0,TFIDF_LogisticRegression,44
Most Favored Nation,0.25,0.16666666666666666,0.2,6.0,TFIDF_LogisticRegression,44
No-Solicit Of Customers,0.75,0.6923076923076923,0.72,13.0,TFIDF_LogisticRegression,44
No-Solicit Of Employees,0.625,0.7894736842105263,0.6976744186046512,19.0,TFIDF_LogisticRegression,44
Non-Compete,0.575,0.6388888888888888,0.6052631578947368,36.0,TFIDF_LogisticRegression,44
Non-Disparagement,0.7692307692307693,0.625,0.6896551724137931,16.0,TFIDF_LogisticRegression,44
Non-Transferable License,0.4230769230769231,0.5689655172413793,0.4852941176470588,58.0,TFIDF_LogisticRegression,44
Notice Period To Terminate Renewal,0.5454545454545454,0.5714285714285714,0.5581395348837209,21.0,TFIDF_LogisticRegression,44
Parties,0.8571428571428571,0.9365853658536586,0.8951048951048951,205.0,TFIDF_LogisticRegression,44
Post-Termination Services,0.7142857142857143,0.632183908045977,0.6707317073170732,87.0,TFIDF_LogisticRegression,44
Price Restrictions,0.75,0.3,0.42857142857142855,10.0,TFIDF_LogisticRegression,44
Renewal Term,0.6666666666666666,0.4090909090909091,0.5070422535211268,44.0,TFIDF_LogisticRegression,44
Revenue/Profit Sharing,0.8,0.8636363636363636,0.8306010928961749,88.0,TFIDF_LogisticRegression,44
Rofr/Rofo/Rofn,0.7307692307692307,0.7169811320754716,0.7238095238095238,53.0,TFIDF_LogisticRegression,44
Source Code Escrow,0.6666666666666666,0.75,0.7058823529411765,8.0,TFIDF_LogisticRegression,44
Termination For Convenience,0.5873015873015873,0.8604651162790697,0.6981132075471698,43.0,TFIDF_LogisticRegression,44
Third Party Beneficiary,0.6666666666666666,0.5,0.5714285714285714,4.0,TFIDF_LogisticRegression,44
Uncapped Liability,0.35714285714285715,0.46875,0.40540540540540543,32.0,TFIDF_LogisticRegression,44
Unlimited/All-You-Can-Eat-License,1.0,0.3333333333333333,0.5,3.0,TFIDF_LogisticRegression,44
Volume Restriction,0.4722222222222222,0.4358974358974359,0.4533333333333333,39.0,TFIDF_LogisticRegression,44
Warranty Duration,0.6111111111111112,0.868421052631579,0.717391304347826,38.0,TFIDF_LogisticRegression,44
accuracy,0.7414736842105263,0.7414736842105263,0.7414736842105263,0.7414736842105263,TFIDF_LogisticRegression,44
macro avg,0.6598096753620974,0.6352737991099364,0.6346655769875126,2375.0,TFIDF_LogisticRegression,44
weighted avg,0.74872016725487,0.7414736842105263,0.7388904850034967,2375.0,TFIDF_LogisticRegression,44
Affiliate License-Licensee,0.21052631578947367,0.2,0.20512820512820512,20.0,TFIDF_LinearSVM,44
Affiliate License-Licensor,0.5,0.09090909090909091,0.15384615384615385,11.0,TFIDF_LinearSVM,44
Agreement Date,0.6326530612244898,0.8857142857142857,0.7380952380952381,35.0,TFIDF_LinearSVM,44
Anti-Assignment,0.8193548387096774,0.8819444444444444,0.8494983277591973,144.0,TFIDF_LinearSVM,44
Audit Rights,0.8709677419354839,0.9440559440559441,0.9060402684563759,143.0,TFIDF_LinearSVM,44
Cap On Liability,0.8181818181818182,0.8181818181818182,0.8181818181818182,154.0,TFIDF_LinearSVM,44
Change Of Control,0.7213114754098361,0.7213114754098361,0.7213114754098361,61.0,TFIDF_LinearSVM,44
Competitive Restriction Exception,0.11764705882352941,0.08,0.09523809523809523,25.0,TFIDF_LinearSVM,44
Covenant Not To Sue,0.8064516129032258,0.7352941176470589,0.7692307692307693,34.0,TFIDF_LinearSVM,44
Document Name,0.8627450980392157,0.9887640449438202,0.9214659685863874,89.0,TFIDF_LinearSVM,44
Effective Date,0.6923076923076923,0.34615384615384615,0.46153846153846156,52.0,TFIDF_LinearSVM,44
Exclusivity,0.6417910447761194,0.5512820512820513,0.593103448275862,78.0,TFIDF_LinearSVM,44
Expiration Date,0.6826923076923077,0.8160919540229885,0.743455497382199,87.0,TFIDF_LinearSVM,44
Governing Law,0.9893617021276596,0.9789473684210527,0.9841269841269841,95.0,TFIDF_LinearSVM,44
Insurance,0.9731543624161074,0.9415584415584416,0.9570957095709571,154.0,TFIDF_LinearSVM,44
Ip Ownership Assignment,0.7323943661971831,0.8253968253968254,0.7761194029850746,63.0,TFIDF_LinearSVM,44
Irrevocable Or Perpetual License,0.38461538461538464,0.47619047619047616,0.425531914893617,21.0,TFIDF_LinearSVM,44
Joint Ip Ownership,0.7,0.6666666666666666,0.6829268292682927,21.0,TFIDF_LinearSVM,44
License Grant,0.6293103448275862,0.5488721804511278,0.5863453815261044,133.0,TFIDF_LinearSVM,44
Liquidated Damages,0.8285714285714286,0.725,0.7733333333333333,40.0,TFIDF_LinearSVM,44
Minimum Commitment,0.7346938775510204,0.782608695652174,0.7578947368421053,92.0,TFIDF_LinearSVM,44
Most Favored Nation,0.2,0.16666666666666666,0.18181818181818182,6.0,TFIDF_LinearSVM,44
No-Solicit Of Customers,0.9,0.6923076923076923,0.782608695652174,13.0,TFIDF_LinearSVM,44
No-Solicit Of Employees,0.5862068965517241,0.8947368421052632,0.7083333333333334,19.0,TFIDF_LinearSVM,44
Non-Compete,0.5714285714285714,0.6666666666666666,0.6153846153846154,36.0,TFIDF_LinearSVM,44
Non-Disparagement,0.7692307692307693,0.625,0.6896551724137931,16.0,TFIDF_LinearSVM,44
Non-Transferable License,0.42857142857142855,0.3620689655172414,0.3925233644859813,58.0,TFIDF_LinearSVM,44
Notice Period To Terminate Renewal,0.5333333333333333,0.38095238095238093,0.4444444444444444,21.0,TFIDF_LinearSVM,44
Parties,0.8904109589041096,0.9512195121951219,0.9198113207547169,205.0,TFIDF_LinearSVM,44
Post-Termination Services,0.75,0.6206896551724138,0.6792452830188679,87.0,TFIDF_LinearSVM,44
Price Restrictions,0.8,0.4,0.5333333333333333,10.0,TFIDF_LinearSVM,44
Renewal Term,0.5588235294117647,0.4318181818181818,0.48717948717948717,44.0,TFIDF_LinearSVM,44
Revenue/Profit Sharing,0.8191489361702128,0.875,0.8461538461538461,88.0,TFIDF_LinearSVM,44
Rofr/Rofo/Rofn,0.7272727272727273,0.7547169811320755,0.7407407407407407,53.0,TFIDF_LinearSVM,44
Source Code Escrow,0.6363636363636364,0.875,0.7368421052631579,8.0,TFIDF_LinearSVM,44
Termination For Convenience,0.6666666666666666,0.9302325581395349,0.7766990291262136,43.0,TFIDF_LinearSVM,44
Third Party Beneficiary,0.6666666666666666,0.5,0.5714285714285714,4.0,TFIDF_LinearSVM,44
Uncapped Liability,0.44,0.34375,0.38596491228070173,32.0,TFIDF_LinearSVM,44
Unlimited/All-You-Can-Eat-License,0.0,0.0,0.0,3.0,TFIDF_LinearSVM,44
Volume Restriction,0.5,0.4358974358974359,0.4657534246575342,39.0,TFIDF_LinearSVM,44
Warranty Duration,0.6875,0.868421052631579,0.7674418604651163,38.0,TFIDF_LinearSVM,44
accuracy,0.7545263157894737,0.7545263157894737,0.7545263157894737,0.7545263157894737,TFIDF_LinearSVM,44
macro avg,0.6458623329919719,0.6287826419098586,0.6254846278441434,2375.0,TFIDF_LinearSVM,44
weighted avg,0.7470736825348324,0.7545263157894737,0.7453148024810184,2375.0,TFIDF_LinearSVM,44
Affiliate License-Licensee,0.21875,0.35,0.2692307692307692,20.0,SBERT_LogisticRegression,44
Affiliate License-Licensor,0.0,0.0,0.0,11.0,SBERT_LogisticRegression,44
Agreement Date,0.6739130434782609,0.8857142857142857,0.7654320987654321,35.0,SBERT_LogisticRegression,44
Anti-Assignment,0.9107142857142857,0.7083333333333334,0.796875,144.0,SBERT_LogisticRegression,44
Audit Rights,0.9142857142857143,0.8951048951048951,0.9045936395759717,143.0,SBERT_LogisticRegression,44
Cap On Liability,0.8403361344537815,0.6493506493506493,0.7326007326007326,154.0,SBERT_LogisticRegression,44
Change Of Control,0.65625,0.6885245901639344,0.672,61.0,SBERT_LogisticRegression,44
Competitive Restriction Exception,0.17073170731707318,0.28,0.21212121212121213,25.0,SBERT_LogisticRegression,44
Covenant Not To Sue,0.7857142857142857,0.6470588235294118,0.7096774193548387,34.0,SBERT_LogisticRegression,44
Document Name,0.8969072164948454,0.9775280898876404,0.9354838709677419,89.0,SBERT_LogisticRegression,44
Effective Date,0.6190476190476191,0.5,0.5531914893617021,52.0,SBERT_LogisticRegression,44
Exclusivity,0.4576271186440678,0.34615384615384615,0.39416058394160586,78.0,SBERT_LogisticRegression,44
Expiration Date,0.7674418604651163,0.7586206896551724,0.7630057803468208,87.0,SBERT_LogisticRegression,44
Governing Law,0.989247311827957,0.968421052631579,0.9787234042553191,95.0,SBERT_LogisticRegression,44
Insurance,0.958904109589041,0.9090909090909091,0.9333333333333333,154.0,SBERT_LogisticRegression,44
Ip Ownership Assignment,0.647887323943662,0.7301587301587301,0.6865671641791045,63.0,SBERT_LogisticRegression,44
Irrevocable Or Perpetual License,0.3076923076923077,0.19047619047619047,0.23529411764705882,21.0,SBERT_LogisticRegression,44
Joint Ip Ownership,0.6842105263157895,0.6190476190476191,0.65,21.0,SBERT_LogisticRegression,44
License Grant,0.6,0.3609022556390977,0.4507042253521127,133.0,SBERT_LogisticRegression,44
Liquidated Damages,0.6363636363636364,0.875,0.7368421052631579,40.0,SBERT_LogisticRegression,44
Minimum Commitment,0.735632183908046,0.6956521739130435,0.7150837988826816,92.0,SBERT_LogisticRegression,44
Most Favored Nation,0.0625,0.16666666666666666,0.09090909090909091,6.0,SBERT_LogisticRegression,44
No-Solicit Of Customers,0.23076923076923078,0.6923076923076923,0.34615384615384615,13.0,SBERT_LogisticRegression,44
No-Solicit Of Employees,0.6666666666666666,0.8421052631578947,0.7441860465116279,19.0,SBERT_LogisticRegression,44
Non-Compete,0.5333333333333333,0.4444444444444444,0.48484848484848486,36.0,SBERT_LogisticRegression,44
Non-Disparagement,0.4,0.5,0.4444444444444444,16.0,SBERT_LogisticRegression,44
Non-Transferable License,0.32926829268292684,0.46551724137931033,0.38571428571428573,58.0,SBERT_LogisticRegression,44
Notice Period To Terminate Renewal,0.47619047619047616,0.47619047619047616,0.47619047619047616,21.0,SBERT_LogisticRegression,44
Parties,0.9655172413793104,0.9560975609756097,0.9607843137254902,205.0,SBERT_LogisticRegression,44
Post-Termination Services,0.6527777777777778,0.5402298850574713,0.5911949685534591,87.0,SBERT_LogisticRegression,44
Price Restrictions,0.5384615384615384,0.7,0.6086956521739131,10.0,SBERT_LogisticRegression,44
Renewal Term,0.6666666666666666,0.5454545454545454,0.6,44.0,SBERT_LogisticRegression,44
Revenue/Profit Sharing,0.8604651162790697,0.8409090909090909,0.8505747126436781,88.0,SBERT_LogisticRegression,44
Rofr/Rofo/Rofn,0.49206349206349204,0.5849056603773585,0.5344827586206896,53.0,SBERT_LogisticRegression,44
Source Code Escrow,0.5384615384615384,0.875,0.6666666666666666,8.0,SBERT_LogisticRegression,44
Termination For Convenience,0.6379310344827587,0.8604651162790697,0.7326732673267327,43.0,SBERT_LogisticRegression,44
Third Party Beneficiary,0.5,0.5,0.5,4.0,SBERT_LogisticRegression,44
Uncapped Liability,0.3898305084745763,0.71875,0.5054945054945055,32.0,SBERT_LogisticRegression,44
Unlimited/All-You-Can-Eat-License,0.1111111111111111,0.6666666666666666,0.19047619047619047,3.0,SBERT_LogisticRegression,44
Volume Restriction,0.5128205128205128,0.5128205128205128,0.5128205128205128,39.0,SBERT_LogisticRegression,44
Warranty Duration,0.6808510638297872,0.8421052631578947,0.7529411764705882,38.0,SBERT_LogisticRegression,44
accuracy,0.7056842105263158,0.7056842105263158,0.7056842105263158,0.7056842105263158,SBERT_LogisticRegression,44
macro avg,0.5784717557733234,0.6284335175535376,0.5871749303640068,2375.0,SBERT_LogisticRegression,44
weighted avg,0.7306860142833345,0.7056842105263158,0.7102389537603757,2375.0,SBERT_LogisticRegression,44
Affiliate License-Licensee,0.21875,0.35,0.2692307692307692,20.0,SBERT_LinearSVM,44
Affiliate License-Licensor,0.0,0.0,0.0,11.0,SBERT_LinearSVM,44
Agreement Date,0.6739130434782609,0.8857142857142857,0.7654320987654321,35.0,SBERT_LinearSVM,44
Anti-Assignment,0.8968253968253969,0.7847222222222222,0.837037037037037,144.0,SBERT_LinearSVM,44
Audit Rights,0.935251798561151,0.9090909090909091,0.9219858156028369,143.0,SBERT_LinearSVM,44
Cap On Liability,0.8194444444444444,0.7662337662337663,0.7919463087248322,154.0,SBERT_LinearSVM,44
Change Of Control,0.7096774193548387,0.7213114754098361,0.7154471544715447,61.0,SBERT_LinearSVM,44
Competitive Restriction Exception,0.19444444444444445,0.28,0.22950819672131148,25.0,SBERT_LinearSVM,44
Covenant Not To Sue,0.7272727272727273,0.7058823529411765,0.7164179104477612,34.0,SBERT_LinearSVM,44
Document Name,0.9354838709677419,0.9775280898876404,0.9560439560439561,89.0,SBERT_LinearSVM,44
Effective Date,0.625,0.4807692307692308,0.5434782608695652,52.0,SBERT_LinearSVM,44
Exclusivity,0.3974358974358974,0.3974358974358974,0.3974358974358974,78.0,SBERT_LinearSVM,44
Expiration Date,0.7222222222222222,0.7471264367816092,0.7344632768361582,87.0,SBERT_LinearSVM,44
Governing Law,0.96875,0.9789473684210527,0.9738219895287958,95.0,SBERT_LinearSVM,44
Insurance,0.9426751592356688,0.961038961038961,0.9517684887459807,154.0,SBERT_LinearSVM,44
Ip Ownership Assignment,0.6533333333333333,0.7777777777777778,0.7101449275362319,63.0,SBERT_LinearSVM,44
Irrevocable Or Perpetual License,0.2,0.09523809523809523,0.12903225806451613,21.0,SBERT_LinearSVM,44
Joint Ip Ownership,0.6086956521739131,0.6666666666666666,0.6363636363636364,21.0,SBERT_LinearSVM,44
License Grant,0.6491228070175439,0.2781954887218045,0.3894736842105263,133.0,SBERT_LinearSVM,44
Liquidated Damages,0.6296296296296297,0.85,0.723404255319149,40.0,SBERT_LinearSVM,44
Minimum Commitment,0.7142857142857143,0.7608695652173914,0.7368421052631579,92.0,SBERT_LinearSVM,44
Most Favored Nation,0.058823529411764705,0.16666666666666666,0.08695652173913043,6.0,SBERT_LinearSVM,44
No-Solicit Of Customers,0.2857142857142857,0.6153846153846154,0.3902439024390244,13.0,SBERT_LinearSVM,44
No-Solicit Of Employees,0.75,0.7894736842105263,0.7692307692307693,19.0,SBERT_LinearSVM,44
Non-Compete,0.5625,0.5,0.5294117647058824,36.0,SBERT_LinearSVM,44
Non-Disparagement,0.4,0.5,0.4444444444444444,16.0,SBERT_LinearSVM,44
Non-Transferable License,0.359375,0.39655172413793105,0.3770491803278688,58.0,SBERT_LinearSVM,44
Notice Period To Terminate Renewal,0.46153846153846156,0.2857142857142857,0.35294117647058826,21.0,SBERT_LinearSVM,44
Parties,0.9209302325581395,0.9658536585365853,0.9428571428571428,205.0,SBERT_LinearSVM,44
Post-Termination Services,0.5662650602409639,0.5402298850574713,0.5529411764705883,87.0,SBERT_LinearSVM,44
Price Restrictions,0.6,0.6,0.6,10.0,SBERT_LinearSVM,44
Renewal Term,0.574468085106383,0.6136363636363636,0.5934065934065934,44.0,SBERT_LinearSVM,44
Revenue/Profit Sharing,0.872093023255814,0.8522727272727273,0.8620689655172413,88.0,SBERT_LinearSVM,44
Rofr/Rofo/Rofn,0.5454545454545454,0.5660377358490566,0.5555555555555556,53.0,SBERT_LinearSVM,44
Source Code Escrow,0.5,0.875,0.6363636363636364,8.0,SBERT_LinearSVM,44
Termination For Convenience,0.6491228070175439,0.8604651162790697,0.74,43.0,SBERT_LinearSVM,44
Third Party Beneficiary,1.0,0.5,0.6666666666666666,4.0,SBERT_LinearSVM,44
Uncapped Liability,0.41025641025641024,0.5,0.4507042253521127,32.0,SBERT_LinearSVM,44
Unlimited/All-You-Can-Eat-License,0.4,0.6666666666666666,0.5,3.0,SBERT_LinearSVM,44
Volume Restriction,0.6296296296296297,0.4358974358974359,0.5151515151515151,39.0,SBERT_LinearSVM,44
Warranty Duration,0.7333333333333333,0.868421052631579,0.7951807228915663,38.0,SBERT_LinearSVM,44
accuracy,0.7178947368421053,0.7178947368421053,0.7178947368421053,0.7178947368421053,SBERT_LinearSVM,44
macro avg,0.5976028771756147,0.6212882977441294,0.5973280972392541,2375.0,SBERT_LinearSVM,44
weighted avg,0.7264171074835527,0.7178947368421053,0.714609393996387,2375.0,SBERT_LinearSVM,44
Affiliate License-Licensee,0.28,0.2692307692307692,0.27450980392156865,26.0,TFIDF_LogisticRegression,45
Affiliate License-Licensor,0.4,0.16,0.22857142857142856,25.0,TFIDF_LogisticRegression,45
Agreement Date,0.5957446808510638,0.9333333333333333,0.7272727272727273,30.0,TFIDF_LogisticRegression,45
Anti-Assignment,0.8409090909090909,0.8345864661654135,0.8377358490566038,133.0,TFIDF_LogisticRegression,45
Audit Rights,0.9516129032258065,0.9007633587786259,0.9254901960784314,131.0,TFIDF_LogisticRegression,45
Cap On Liability,0.8688524590163934,0.6751592356687898,0.7598566308243727,157.0,TFIDF_LogisticRegression,45
Change Of Control,0.6444444444444445,0.6041666666666666,0.6236559139784946,48.0,TFIDF_LogisticRegression,45
Competitive Restriction Exception,0.42857142857142855,0.391304347826087,0.4090909090909091,23.0,TFIDF_LogisticRegression,45
Covenant Not To Sue,0.9166666666666666,0.825,0.868421052631579,40.0,TFIDF_LogisticRegression,45
Document Name,0.898989898989899,0.967391304347826,0.9319371727748691,92.0,TFIDF_LogisticRegression,45
Effective Date,0.48936170212765956,0.5227272727272727,0.5054945054945055,44.0,TFIDF_LogisticRegression,45
Exclusivity,0.5645161290322581,0.43209876543209874,0.48951048951048953,81.0,TFIDF_LogisticRegression,45
Expiration Date,0.7857142857142857,0.6947368421052632,0.7374301675977654,95.0,TFIDF_LogisticRegression,45
Governing Law,0.9886363636363636,0.9886363636363636,0.9886363636363636,88.0,TFIDF_LogisticRegression,45
Insurance,0.9191919191919192,0.91,0.914572864321608,100.0,TFIDF_LogisticRegression,45
Ip Ownership Assignment,0.7916666666666666,0.8382352941176471,0.8142857142857143,68.0,TFIDF_LogisticRegression,45
Irrevocable Or Perpetual License,0.3088235294117647,0.5675675675675675,0.4,37.0,TFIDF_LogisticRegression,45
Joint Ip Ownership,0.4782608695652174,0.7857142857142857,0.5945945945945946,14.0,TFIDF_LogisticRegression,45
License Grant,0.6160714285714286,0.38764044943820225,0.47586206896551725,178.0,TFIDF_LogisticRegression,45
Liquidated Damages,0.7317073170731707,0.6666666666666666,0.6976744186046512,45.0,TFIDF_LogisticRegression,45
Minimum Commitment,0.8245614035087719,0.7966101694915254,0.8103448275862069,118.0,TFIDF_LogisticRegression,45
Most Favored Nation,0.625,0.45454545454545453,0.5263157894736842,11.0,TFIDF_LogisticRegression,45
No-Solicit Of Customers,0.21428571428571427,0.3333333333333333,0.2608695652173913,9.0,TFIDF_LogisticRegression,45
No-Solicit Of Employees,0.7777777777777778,0.8235294117647058,0.8,17.0,TFIDF_LogisticRegression,45
Non-Compete,0.5818181818181818,0.6666666666666666,0.6213592233009708,48.0,TFIDF_LogisticRegression,45
Non-Disparagement,0.5294117647058824,0.9,0.6666666666666666,10.0,TFIDF_LogisticRegression,45
Non-Transferable License,0.4111111111111111,0.5441176470588235,0.46835443037974683,68.0,TFIDF_LogisticRegression,45
Notice Period To Terminate Renewal,0.45714285714285713,0.5333333333333333,0.49230769230769234,30.0,TFIDF_LogisticRegression,45
Parties,0.865546218487395,0.9237668161434978,0.8937093275488069,223.0,TFIDF_LogisticRegression,45
Post-Termination Services,0.7551020408163265,0.6218487394957983,0.6820276497695853,119.0,TFIDF_LogisticRegression,45
Price Restrictions,0.3333333333333333,0.5,0.4,2.0,TFIDF_LogisticRegression,45
Renewal Term,0.5952380952380952,0.5434782608695652,0.5681818181818182,46.0,TFIDF_LogisticRegression,45
Revenue/Profit Sharing,0.7142857142857143,0.7843137254901961,0.7476635514018691,102.0,TFIDF_LogisticRegression,45
Rofr/Rofo/Rofn,0.7926829268292683,0.7142857142857143,0.7514450867052023,91.0,TFIDF_LogisticRegression,45
Source Code Escrow,0.5333333333333333,1.0,0.6956521739130435,8.0,TFIDF_LogisticRegression,45
Termination For Convenience,0.5740740740740741,0.8378378378378378,0.6813186813186813,37.0,TFIDF_LogisticRegression,45
Third Party Beneficiary,0.6666666666666666,1.0,0.8,4.0,TFIDF_LogisticRegression,45
Uncapped Liability,0.4,0.6666666666666666,0.5,33.0,TFIDF_LogisticRegression,45
Unlimited/All-You-Can-Eat-License,0.25,0.18181818181818182,0.21052631578947367,11.0,TFIDF_LogisticRegression,45
Volume Restriction,0.5,0.5757575757575758,0.5352112676056338,33.0,TFIDF_LogisticRegression,45
Warranty Duration,0.6551724137931034,0.9047619047619048,0.76,42.0,TFIDF_LogisticRegression,45
accuracy,0.7187127532777116,0.7187127532777116,0.7187127532777116,0.7187127532777116,TFIDF_LogisticRegression,45
macro avg,0.6233240344115398,0.674673912896187,0.6360135838628944,2517.0,TFIDF_LogisticRegression,45
weighted avg,0.7317682970655621,0.7187127532777116,0.7176486944802989,2517.0,TFIDF_LogisticRegression,45
Affiliate License-Licensee,0.46153846153846156,0.23076923076923078,0.3076923076923077,26.0,TFIDF_LinearSVM,45
Affiliate License-Licensor,1.0,0.12,0.21428571428571427,25.0,TFIDF_LinearSVM,45
Agreement Date,0.5777777777777777,0.8666666666666667,0.6933333333333334,30.0,TFIDF_LinearSVM,45
Anti-Assignment,0.8040540540540541,0.8947368421052632,0.8469750889679716,133.0,TFIDF_LinearSVM,45
Audit Rights,0.9291338582677166,0.9007633587786259,0.9147286821705426,131.0,TFIDF_LinearSVM,45
Cap On Liability,0.8133333333333334,0.7770700636942676,0.7947882736156352,157.0,TFIDF_LinearSVM,45
Change Of Control,0.6818181818181818,0.625,0.6521739130434783,48.0,TFIDF_LinearSVM,45
Competitive Restriction Exception,0.3076923076923077,0.17391304347826086,0.2222222222222222,23.0,TFIDF_LinearSVM,45
Covenant Not To Sue,0.7674418604651163,0.825,0.7951807228915663,40.0,TFIDF_LinearSVM,45
Document Name,0.8725490196078431,0.967391304347826,0.9175257731958762,92.0,TFIDF_LinearSVM,45
Effective Date,0.46511627906976744,0.45454545454545453,0.45977011494252873,44.0,TFIDF_LinearSVM,45
Exclusivity,0.5806451612903226,0.4444444444444444,0.5034965034965035,81.0,TFIDF_LinearSVM,45
Expiration Date,0.7444444444444445,0.7052631578947368,0.7243243243243244,95.0,TFIDF_LinearSVM,45
Governing Law,0.967032967032967,1.0,0.9832402234636871,88.0,TFIDF_LinearSVM,45
Insurance,0.95,0.95,0.95,100.0,TFIDF_LinearSVM,45
Ip Ownership Assignment,0.8082191780821918,0.8676470588235294,0.8368794326241135,68.0,TFIDF_LinearSVM,45
Irrevocable Or Perpetual License,0.35294117647058826,0.6486486486486487,0.45714285714285713,37.0,TFIDF_LinearSVM,45
Joint Ip Ownership,0.5882352941176471,0.7142857142857143,0.6451612903225806,14.0,TFIDF_LinearSVM,45
License Grant,0.5874125874125874,0.47191011235955055,0.5233644859813084,178.0,TFIDF_LinearSVM,45
Liquidated Damages,0.6739130434782609,0.6888888888888889,0.6813186813186813,45.0,TFIDF_LinearSVM,45
Minimum Commitment,0.8256880733944955,0.7627118644067796,0.7929515418502202,118.0,TFIDF_LinearSVM,45
Most Favored Nation,0.5555555555555556,0.45454545454545453,0.5,11.0,TFIDF_LinearSVM,45
No-Solicit Of Customers,0.3333333333333333,0.3333333333333333,0.3333333333333333,9.0,TFIDF_LinearSVM,45
No-Solicit Of Employees,0.7368421052631579,0.8235294117647058,0.7777777777777778,17.0,TFIDF_LinearSVM,45
Non-Compete,0.5573770491803278,0.7083333333333334,0.6238532110091743,48.0,TFIDF_LinearSVM,45
Non-Disparagement,0.6,0.9,0.72,10.0,TFIDF_LinearSVM,45
Non-Transferable License,0.4126984126984127,0.38235294117647056,0.3969465648854962,68.0,TFIDF_LinearSVM,45
Notice Period To Terminate Renewal,0.43478260869565216,0.3333333333333333,0.37735849056603776,30.0,TFIDF_LinearSVM,45
Parties,0.9273504273504274,0.9730941704035875,0.949671772428884,223.0,TFIDF_LinearSVM,45
Post-Termination Services,0.7474747474747475,0.6218487394957983,0.6788990825688074,119.0,TFIDF_LinearSVM,45
Price Restrictions,0.3333333333333333,0.5,0.4,2.0,TFIDF_LinearSVM,45
Renewal Term,0.5263157894736842,0.6521739130434783,0.5825242718446602,46.0,TFIDF_LinearSVM,45
Revenue/Profit Sharing,0.7280701754385965,0.8137254901960784,0.7685185185185185,102.0,TFIDF_LinearSVM,45
Rofr/Rofo/Rofn,0.810126582278481,0.7032967032967034,0.7529411764705882,91.0,TFIDF_LinearSVM,45
Source Code Escrow,0.3684210526315789,0.875,0.5185185185185185,8.0,TFIDF_LinearSVM,45
Termination For Convenience,0.5833333333333334,0.7567567567567568,0.6588235294117647,37.0,TFIDF_LinearSVM,45
Third Party Beneficiary,0.6666666666666666,1.0,0.8,4.0,TFIDF_LinearSVM,45
Uncapped Liability,0.46875,0.45454545454545453,0.46153846153846156,33.0,TFIDF_LinearSVM,45
Unlimited/All-You-Can-Eat-License,0.5,0.2727272727272727,0.35294117647058826,11.0,TFIDF_LinearSVM,45
Volume Restriction,0.5294117647058824,0.5454545454545454,0.5373134328358209,33.0,TFIDF_LinearSVM,45
Warranty Duration,0.6491228070175439,0.8809523809523809,0.7474747474747475,42.0,TFIDF_LinearSVM,45
accuracy,0.7294398092967819,0.7294398092967819,0.7294398092967819,0.7294398092967819,TFIDF_LinearSVM,45
macro avg,0.639706165945824,0.6603575387438189,0.6306095012814301,2517.0,TFIDF_LinearSVM,45
weighted avg,0.7331568856429795,0.7294398092967819,0.723024542395808,2517.0,TFIDF_LinearSVM,45
Affiliate License-Licensee,0.3225806451612903,0.38461538461538464,0.3508771929824561,26.0,SBERT_LogisticRegression,45
Affiliate License-Licensor,0.14814814814814814,0.16,0.15384615384615385,25.0,SBERT_LogisticRegression,45
Agreement Date,0.6511627906976745,0.9333333333333333,0.7671232876712328,30.0,SBERT_LogisticRegression,45
Anti-Assignment,0.8467741935483871,0.7894736842105263,0.8171206225680934,133.0,SBERT_LogisticRegression,45
Audit Rights,0.9401709401709402,0.8396946564885496,0.8870967741935484,131.0,SBERT_LogisticRegression,45
Cap On Liability,0.9052631578947369,0.5477707006369427,0.6825396825396826,157.0,SBERT_LogisticRegression,45
Change Of Control,0.4915254237288136,0.6041666666666666,0.5420560747663551,48.0,SBERT_LogisticRegression,45
Competitive Restriction Exception,0.08,0.08695652173913043,0.08333333333333333,23.0,SBERT_LogisticRegression,45
Covenant Not To Sue,0.6875,0.825,0.75,40.0,SBERT_LogisticRegression,45
Document Name,0.9565217391304348,0.9565217391304348,0.9565217391304348,92.0,SBERT_LogisticRegression,45
Effective Date,0.5757575757575758,0.4318181818181818,0.4935064935064935,44.0,SBERT_LogisticRegression,45
Exclusivity,0.46551724137931033,0.3333333333333333,0.38848920863309355,81.0,SBERT_LogisticRegression,45
Expiration Date,0.7325581395348837,0.6631578947368421,0.6961325966850829,95.0,SBERT_LogisticRegression,45
Governing Law,0.9560439560439561,0.9886363636363636,0.9720670391061452,88.0,SBERT_LogisticRegression,45
Insurance,0.9484536082474226,0.92,0.934010152284264,100.0,SBERT_LogisticRegression,45
Ip Ownership Assignment,0.6164383561643836,0.6617647058823529,0.6382978723404256,68.0,SBERT_LogisticRegression,45
Irrevocable Or Perpetual License,0.2727272727272727,0.40540540540540543,0.32608695652173914,37.0,SBERT_LogisticRegression,45
Joint Ip Ownership,0.3793103448275862,0.7857142857142857,0.5116279069767442,14.0,SBERT_LogisticRegression,45
License Grant,0.5670103092783505,0.3089887640449438,0.4,178.0,SBERT_LogisticRegression,45
Liquidated Damages,0.5797101449275363,0.8888888888888888,0.7017543859649122,45.0,SBERT_LogisticRegression,45
Minimum Commitment,0.8461538461538461,0.652542372881356,0.7368421052631579,118.0,SBERT_LogisticRegression,45
Most Favored Nation,0.2727272727272727,0.5454545454545454,0.36363636363636365,11.0,SBERT_LogisticRegression,45
No-Solicit Of Customers,0.17647058823529413,0.6666666666666666,0.27906976744186046,9.0,SBERT_LogisticRegression,45
No-Solicit Of Employees,0.8666666666666667,0.7647058823529411,0.8125,17.0,SBERT_LogisticRegression,45
Non-Compete,0.5476190476190477,0.4791666666666667,0.5111111111111111,48.0,SBERT_LogisticRegression,45
Non-Disparagement,0.47368421052631576,0.9,0.6206896551724138,10.0,SBERT_LogisticRegression,45
Non-Transferable License,0.3888888888888889,0.6176470588235294,0.4772727272727273,68.0,SBERT_LogisticRegression,45
Notice Period To Terminate Renewal,0.4782608695652174,0.36666666666666664,0.41509433962264153,30.0,SBERT_LogisticRegression,45
Parties,0.9675925925925926,0.9372197309417041,0.9521640091116174,223.0,SBERT_LogisticRegression,45
Post-Termination Services,0.6966292134831461,0.5210084033613446,0.5961538461538461,119.0,SBERT_LogisticRegression,45
Price Restrictions,0.0,0.0,0.0,2.0,SBERT_LogisticRegression,45
Renewal Term,0.5166666666666667,0.6739130434782609,0.5849056603773585,46.0,SBERT_LogisticRegression,45
Revenue/Profit Sharing,0.7924528301886793,0.8235294117647058,0.8076923076923077,102.0,SBERT_LogisticRegression,45
Rofr/Rofo/Rofn,0.6973684210526315,0.5824175824175825,0.6347305389221557,91.0,SBERT_LogisticRegression,45
Source Code Escrow,0.4666666666666667,0.875,0.6086956521739131,8.0,SBERT_LogisticRegression,45
Termination For Convenience,0.4827586206896552,0.7567567567567568,0.5894736842105263,37.0,SBERT_LogisticRegression,45
Third Party Beneficiary,0.42857142857142855,0.75,0.5454545454545454,4.0,SBERT_LogisticRegression,45
Uncapped Liability,0.3898305084745763,0.696969696969697,0.5,33.0,SBERT_LogisticRegression,45
Unlimited/All-You-Can-Eat-License,0.09090909090909091,0.18181818181818182,0.12121212121212122,11.0,SBERT_LogisticRegression,45
Volume Restriction,0.4375,0.6363636363636364,0.5185185185185185,33.0,SBERT_LogisticRegression,45
Warranty Duration,0.631578947368421,0.8571428571428571,0.7272727272727273,42.0,SBERT_LogisticRegression,45
accuracy,0.6734207389749702,0.6734207389749702,0.6734207389749702,0.6734207389749702,SBERT_LogisticRegression,45
macro avg,0.5554187893759709,0.6292738944099674,0.5720726135041488,2517.0,SBERT_LogisticRegression,45
weighted avg,0.7080901006089201,0.6734207389749702,0.6774845645463611,2517.0,SBERT_LogisticRegression,45
Affiliate License-Licensee,0.38461538461538464,0.38461538461538464,0.38461538461538464,26.0,SBERT_LinearSVM,45
Affiliate License-Licensor,0.17857142857142858,0.2,0.18867924528301888,25.0,SBERT_LinearSVM,45
Agreement Date,0.6363636363636364,0.9333333333333333,0.7567567567567568,30.0,SBERT_LinearSVM,45
Anti-Assignment,0.8181818181818182,0.8120300751879699,0.8150943396226416,133.0,SBERT_LinearSVM,45
Audit Rights,0.926829268292683,0.8702290076335878,0.8976377952755905,131.0,SBERT_LinearSVM,45
Cap On Liability,0.8307692307692308,0.6878980891719745,0.7526132404181185,157.0,SBERT_LinearSVM,45
Change Of Control,0.5454545454545454,0.625,0.5825242718446602,48.0,SBERT_LinearSVM,45
Competitive Restriction Exception,0.09090909090909091,0.08695652173913043,0.08888888888888889,23.0,SBERT_LinearSVM,45
Covenant Not To Sue,0.723404255319149,0.85,0.7816091954022989,40.0,SBERT_LinearSVM,45
Document Name,0.9375,0.9782608695652174,0.9574468085106383,92.0,SBERT_LinearSVM,45
Effective Date,0.6428571428571429,0.4090909090909091,0.5,44.0,SBERT_LinearSVM,45
Exclusivity,0.2833333333333333,0.20987654320987653,0.24113475177304963,81.0,SBERT_LinearSVM,45
Expiration Date,0.7906976744186046,0.7157894736842105,0.7513812154696132,95.0,SBERT_LinearSVM,45
Governing Law,0.9456521739130435,0.9886363636363636,0.9666666666666667,88.0,SBERT_LinearSVM,45
Insurance,0.9405940594059405,0.95,0.945273631840796,100.0,SBERT_LinearSVM,45
Ip Ownership Assignment,0.6666666666666666,0.7352941176470589,0.6993006993006993,68.0,SBERT_LinearSVM,45
Irrevocable Or Perpetual License,0.28846153846153844,0.40540540540540543,0.33707865168539325,37.0,SBERT_LinearSVM,45
Joint Ip Ownership,0.4230769230769231,0.7857142857142857,0.55,14.0,SBERT_LinearSVM,45
License Grant,0.5208333333333334,0.42134831460674155,0.4658385093167702,178.0,SBERT_LinearSVM,45
Liquidated Damages,0.6,0.8666666666666667,0.7090909090909091,45.0,SBERT_LinearSVM,45
Minimum Commitment,0.7745098039215687,0.6694915254237288,0.7181818181818181,118.0,SBERT_LinearSVM,45
Most Favored Nation,0.25,0.5454545454545454,0.34285714285714286,11.0,SBERT_LinearSVM,45
No-Solicit Of Customers,0.21052631578947367,0.4444444444444444,0.2857142857142857,9.0,SBERT_LinearSVM,45
No-Solicit Of Employees,0.8125,0.7647058823529411,0.7878787878787878,17.0,SBERT_LinearSVM,45
Non-Compete,0.5263157894736842,0.625,0.5714285714285714,48.0,SBERT_LinearSVM,45
Non-Disparagement,0.5,0.8,0.6153846153846154,10.0,SBERT_LinearSVM,45
Non-Transferable License,0.4262295081967213,0.38235294117647056,0.40310077519379844,68.0,SBERT_LinearSVM,45
Notice Period To Terminate Renewal,0.5,0.26666666666666666,0.34782608695652173,30.0,SBERT_LinearSVM,45
Parties,0.9466666666666667,0.9551569506726457,0.9508928571428571,223.0,SBERT_LinearSVM,45
Post-Termination Services,0.6739130434782609,0.5210084033613446,0.5876777251184834,119.0,SBERT_LinearSVM,45
Price Restrictions,0.0,0.0,0.0,2.0,SBERT_LinearSVM,45
Renewal Term,0.5238095238095238,0.717391304347826,0.6055045871559633,46.0,SBERT_LinearSVM,45
Revenue/Profit Sharing,0.7589285714285714,0.8333333333333334,0.794392523364486,102.0,SBERT_LinearSVM,45
Rofr/Rofo/Rofn,0.68,0.5604395604395604,0.6144578313253012,91.0,SBERT_LinearSVM,45
Source Code Escrow,0.5454545454545454,0.75,0.631578947368421,8.0,SBERT_LinearSVM,45
Termination For Convenience,0.4642857142857143,0.7027027027027027,0.5591397849462365,37.0,SBERT_LinearSVM,45
Third Party Beneficiary,0.5,0.5,0.5,4.0,SBERT_LinearSVM,45
Uncapped Liability,0.4,0.42424242424242425,0.4117647058823529,33.0,SBERT_LinearSVM,45
Unlimited/All-You-Can-Eat-License,0.14285714285714285,0.09090909090909091,0.1111111111111111,11.0,SBERT_LinearSVM,45
Volume Restriction,0.38095238095238093,0.48484848484848486,0.4266666666666667,33.0,SBERT_LinearSVM,45
Warranty Duration,0.6666666666666666,0.7619047619047619,0.7111111111111111,42.0,SBERT_LinearSVM,45
accuracy,0.6829558998808105,0.6829558998808105,0.6829558998808105,0.6829558998808105,SBERT_LinearSVM,45
macro avg,0.5575216384615711,0.602834106907051,0.5694707535744007,2517.0,SBERT_LinearSVM,45
weighted avg,0.6915430206248653,0.6829558998808105,0.6814385805864414,2517.0,SBERT_LinearSVM,45
Affiliate License-Licensee,0.2222222222222222,0.5454545454545454,0.3157894736842105,11.0,TFIDF_LogisticRegression,46
Affiliate License-Licensor,0.2,0.3333333333333333,0.25,3.0,TFIDF_LogisticRegression,46
Agreement Date,0.5849056603773585,0.9393939393939394,0.7209302325581395,33.0,TFIDF_LogisticRegression,46
Anti-Assignment,0.875,0.8549618320610687,0.8648648648648649,131.0,TFIDF_LogisticRegression,46
Audit Rights,0.8979591836734694,0.9166666666666666,0.9072164948453608,96.0,TFIDF_LogisticRegression,46
Cap On Liability,0.825,0.678082191780822,0.7443609022556391,146.0,TFIDF_LogisticRegression,46
Change Of Control,0.6428571428571429,0.7659574468085106,0.6990291262135923,47.0,TFIDF_LogisticRegression,46
Competitive Restriction Exception,0.3125,0.22727272727272727,0.2631578947368421,22.0,TFIDF_LogisticRegression,46
Covenant Not To Sue,0.8928571428571429,0.8333333333333334,0.8620689655172413,30.0,TFIDF_LogisticRegression,46
Document Name,0.9444444444444444,0.9770114942528736,0.96045197740113,87.0,TFIDF_LogisticRegression,46
Effective Date,0.5,0.37777777777777777,0.43037974683544306,45.0,TFIDF_LogisticRegression,46
Exclusivity,0.6923076923076923,0.41379310344827586,0.5179856115107914,87.0,TFIDF_LogisticRegression,46
Expiration Date,0.7411764705882353,0.7,0.72,90.0,TFIDF_LogisticRegression,46
Governing Law,0.9777777777777777,0.967032967032967,0.9723756906077348,91.0,TFIDF_LogisticRegression,46
Insurance,0.9135802469135802,0.9135802469135802,0.9135802469135802,81.0,TFIDF_LogisticRegression,46
Ip Ownership Assignment,0.7887323943661971,0.8235294117647058,0.8057553956834532,68.0,TFIDF_LogisticRegression,46
Irrevocable Or Perpetual License,0.37142857142857144,0.5909090909090909,0.45614035087719296,22.0,TFIDF_LogisticRegression,46
Joint Ip Ownership,0.6666666666666666,0.8148148148148148,0.7333333333333333,27.0,TFIDF_LogisticRegression,46
License Grant,0.5876288659793815,0.4014084507042254,0.4769874476987448,142.0,TFIDF_LogisticRegression,46
Liquidated Damages,0.6666666666666666,0.36363636363636365,0.47058823529411764,11.0,TFIDF_LogisticRegression,46
Minimum Commitment,0.7684210526315789,0.7604166666666666,0.7643979057591623,96.0,TFIDF_LogisticRegression,46
Most Favored Nation,0.25,0.25,0.25,4.0,TFIDF_LogisticRegression,46
No-Solicit Of Customers,0.46153846153846156,0.8571428571428571,0.6,7.0,TFIDF_LogisticRegression,46
No-Solicit Of Employees,0.8947368421052632,0.8947368421052632,0.8947368421052632,19.0,TFIDF_LogisticRegression,46
Non-Compete,0.65,0.7428571428571429,0.6933333333333334,35.0,TFIDF_LogisticRegression,46
Non-Disparagement,0.5833333333333334,0.6363636363636364,0.6086956521739131,11.0,TFIDF_LogisticRegression,46
Non-Transferable License,0.3974358974358974,0.49206349206349204,0.4397163120567376,63.0,TFIDF_LogisticRegression,46
Notice Period To Terminate Renewal,0.43902439024390244,0.72,0.5454545454545454,25.0,TFIDF_LogisticRegression,46
Parties,0.8418803418803419,0.9471153846153846,0.8914027149321267,208.0,TFIDF_LogisticRegression,46
Post-Termination Services,0.8026315789473685,0.7093023255813954,0.7530864197530864,86.0,TFIDF_LogisticRegression,46
Price Restrictions,0.6,0.6,0.6,5.0,TFIDF_LogisticRegression,46
Renewal Term,0.631578947368421,0.34285714285714286,0.4444444444444444,35.0,TFIDF_LogisticRegression,46
Revenue/Profit Sharing,0.8192771084337349,0.9066666666666666,0.8607594936708861,75.0,TFIDF_LogisticRegression,46
Rofr/Rofo/Rofn,0.8241758241758241,0.6880733944954128,0.75,109.0,TFIDF_LogisticRegression,46
Source Code Escrow,0.8571428571428571,0.9,0.8780487804878049,20.0,TFIDF_LogisticRegression,46
Termination For Convenience,0.7068965517241379,0.82,0.7592592592592593,50.0,TFIDF_LogisticRegression,46
Third Party Beneficiary,1.0,1.0,1.0,8.0,TFIDF_LogisticRegression,46
Uncapped Liability,0.5,0.5476190476190477,0.5227272727272727,42.0,TFIDF_LogisticRegression,46
Unlimited/All-You-Can-Eat-License,0.375,0.375,0.375,8.0,TFIDF_LogisticRegression,46
Volume Restriction,0.625,0.5,0.5555555555555556,30.0,TFIDF_LogisticRegression,46
Warranty Duration,0.5645161290322581,0.9722222222222222,0.7142857142857143,36.0,TFIDF_LogisticRegression,46
accuracy,0.7386262265834077,0.7386262265834077,0.7386262265834077,0.7386262265834077,TFIDF_LogisticRegression,46
macro avg,0.6560073284175593,0.6853752819174622,0.6581926887031834,2242.0,TFIDF_LogisticRegression,46
weighted avg,0.7479603943949451,0.7386262265834077,0.735139034503607,2242.0,TFIDF_LogisticRegression,46
Affiliate License-Licensee,0.3333333333333333,0.5454545454545454,0.41379310344827586,11.0,TFIDF_LinearSVM,46
Affiliate License-Licensor,0.25,0.3333333333333333,0.2857142857142857,3.0,TFIDF_LinearSVM,46
Agreement Date,0.5833333333333334,0.8484848484848485,0.691358024691358,33.0,TFIDF_LinearSVM,46
Anti-Assignment,0.841726618705036,0.8931297709923665,0.8666666666666667,131.0,TFIDF_LinearSVM,46
Audit Rights,0.900990099009901,0.9479166666666666,0.9238578680203046,96.0,TFIDF_LinearSVM,46
Cap On Liability,0.7986577181208053,0.815068493150685,0.8067796610169492,146.0,TFIDF_LinearSVM,46
Change Of Control,0.7608695652173914,0.7446808510638298,0.7526881720430108,47.0,TFIDF_LinearSVM,46
Competitive Restriction Exception,0.2857142857142857,0.09090909090909091,0.13793103448275862,22.0,TFIDF_LinearSVM,46
Covenant Not To Sue,0.8928571428571429,0.8333333333333334,0.8620689655172413,30.0,TFIDF_LinearSVM,46
Document Name,0.8958333333333334,0.9885057471264368,0.9398907103825137,87.0,TFIDF_LinearSVM,46
Effective Date,0.42857142857142855,0.4,0.41379310344827586,45.0,TFIDF_LinearSVM,46
Exclusivity,0.75,0.3793103448275862,0.5038167938931297,87.0,TFIDF_LinearSVM,46
Expiration Date,0.7619047619047619,0.7111111111111111,0.735632183908046,90.0,TFIDF_LinearSVM,46
Governing Law,0.967391304347826,0.978021978021978,0.9726775956284153,91.0,TFIDF_LinearSVM,46
Insurance,0.9620253164556962,0.9382716049382716,0.95,81.0,TFIDF_LinearSVM,46
Ip Ownership Assignment,0.7777777777777778,0.8235294117647058,0.8,68.0,TFIDF_LinearSVM,46
Irrevocable Or Perpetual License,0.40625,0.5909090909090909,0.48148148148148145,22.0,TFIDF_LinearSVM,46
Joint Ip Ownership,0.7419354838709677,0.8518518518518519,0.7931034482758621,27.0,TFIDF_LinearSVM,46
License Grant,0.5928571428571429,0.5845070422535211,0.5886524822695035,142.0,TFIDF_LinearSVM,46
Liquidated Damages,0.6666666666666666,0.36363636363636365,0.47058823529411764,11.0,TFIDF_LinearSVM,46
Minimum Commitment,0.7623762376237624,0.8020833333333334,0.7817258883248731,96.0,TFIDF_LinearSVM,46
Most Favored Nation,0.5,0.5,0.5,4.0,TFIDF_LinearSVM,46
No-Solicit Of Customers,0.7142857142857143,0.7142857142857143,0.7142857142857143,7.0,TFIDF_LinearSVM,46
No-Solicit Of Employees,0.9,0.9473684210526315,0.9230769230769231,19.0,TFIDF_LinearSVM,46
Non-Compete,0.5319148936170213,0.7142857142857143,0.6097560975609756,35.0,TFIDF_LinearSVM,46
Non-Disparagement,0.75,0.8181818181818182,0.782608695652174,11.0,TFIDF_LinearSVM,46
Non-Transferable License,0.3958333333333333,0.30158730158730157,0.34234234234234234,63.0,TFIDF_LinearSVM,46
Notice Period To Terminate Renewal,0.45161290322580644,0.56,0.5,25.0,TFIDF_LinearSVM,46
Parties,0.8782608695652174,0.9711538461538461,0.9223744292237442,208.0,TFIDF_LinearSVM,46
Post-Termination Services,0.7922077922077922,0.7093023255813954,0.7484662576687117,86.0,TFIDF_LinearSVM,46
Price Restrictions,0.6666666666666666,0.4,0.5,5.0,TFIDF_LinearSVM,46
Renewal Term,0.6153846153846154,0.45714285714285713,0.5245901639344263,35.0,TFIDF_LinearSVM,46
Revenue/Profit Sharing,0.8375,0.8933333333333333,0.864516129032258,75.0,TFIDF_LinearSVM,46
Rofr/Rofo/Rofn,0.7980769230769231,0.7614678899082569,0.7793427230046949,109.0,TFIDF_LinearSVM,46
Source Code Escrow,0.8095238095238095,0.85,0.8292682926829268,20.0,TFIDF_LinearSVM,46
Termination For Convenience,0.7719298245614035,0.88,0.822429906542056,50.0,TFIDF_LinearSVM,46
Third Party Beneficiary,1.0,1.0,1.0,8.0,TFIDF_LinearSVM,46
Uncapped Liability,0.5714285714285714,0.38095238095238093,0.45714285714285713,42.0,TFIDF_LinearSVM,46
Unlimited/All-You-Can-Eat-License,0.5,0.375,0.42857142857142855,8.0,TFIDF_LinearSVM,46
Volume Restriction,0.5714285714285714,0.4,0.47058823529411764,30.0,TFIDF_LinearSVM,46
Warranty Duration,0.6037735849056604,0.8888888888888888,0.7191011235955056,36.0,TFIDF_LinearSVM,46
accuracy,0.7586975914362176,0.7586975914362176,0.7586975914362176,0.7586975914362176,TFIDF_LinearSVM,46
macro avg,0.683436576168578,0.6826097391345631,0.673431244490681,2242.0,TFIDF_LinearSVM,46
weighted avg,0.7545828152257643,0.7586975914362176,0.7503959416011229,2242.0,TFIDF_LinearSVM,46
Affiliate License-Licensee,0.27586206896551724,0.7272727272727273,0.4,11.0,SBERT_LogisticRegression,46
Affiliate License-Licensor,0.0,0.0,0.0,3.0,SBERT_LogisticRegression,46
Agreement Date,0.6458333333333334,0.9393939393939394,0.7654320987654321,33.0,SBERT_LogisticRegression,46
Anti-Assignment,0.853448275862069,0.7557251908396947,0.8016194331983806,131.0,SBERT_LogisticRegression,46
Audit Rights,0.87,0.90625,0.8877551020408163,96.0,SBERT_LogisticRegression,46
Cap On Liability,0.8627450980392157,0.6027397260273972,0.7096774193548387,146.0,SBERT_LogisticRegression,46
Change Of Control,0.45714285714285713,0.6808510638297872,0.5470085470085471,47.0,SBERT_LogisticRegression,46
Competitive Restriction Exception,0.0967741935483871,0.13636363636363635,0.11320754716981132,22.0,SBERT_LogisticRegression,46
Covenant Not To Sue,0.7333333333333333,0.7333333333333333,0.7333333333333333,30.0,SBERT_LogisticRegression,46
Document Name,0.9139784946236559,0.9770114942528736,0.9444444444444444,87.0,SBERT_LogisticRegression,46
Effective Date,0.5,0.3333333333333333,0.4,45.0,SBERT_LogisticRegression,46
Exclusivity,0.43478260869565216,0.3448275862068966,0.38461538461538464,87.0,SBERT_LogisticRegression,46
Expiration Date,0.6888888888888889,0.6888888888888889,0.6888888888888889,90.0,SBERT_LogisticRegression,46
Governing Law,0.978021978021978,0.978021978021978,0.978021978021978,91.0,SBERT_LogisticRegression,46
Insurance,0.9135802469135802,0.9135802469135802,0.9135802469135802,81.0,SBERT_LogisticRegression,46
Ip Ownership Assignment,0.6060606060606061,0.5882352941176471,0.5970149253731343,68.0,SBERT_LogisticRegression,46
Irrevocable Or Perpetual License,0.37037037037037035,0.45454545454545453,0.40816326530612246,22.0,SBERT_LogisticRegression,46
Joint Ip Ownership,0.6,0.7777777777777778,0.6774193548387096,27.0,SBERT_LogisticRegression,46
License Grant,0.6,0.3591549295774648,0.44933920704845814,142.0,SBERT_LogisticRegression,46
Liquidated Damages,0.4375,0.6363636363636364,0.5185185185185185,11.0,SBERT_LogisticRegression,46
Minimum Commitment,0.782051282051282,0.6354166666666666,0.7011494252873564,96.0,SBERT_LogisticRegression,46
Most Favored Nation,0.17647058823529413,0.75,0.2857142857142857,4.0,SBERT_LogisticRegression,46
No-Solicit Of Customers,0.3157894736842105,0.8571428571428571,0.46153846153846156,7.0,SBERT_LogisticRegression,46
No-Solicit Of Employees,0.6923076923076923,0.9473684210526315,0.8,19.0,SBERT_LogisticRegression,46
Non-Compete,0.5666666666666667,0.4857142857142857,0.5230769230769231,35.0,SBERT_LogisticRegression,46
Non-Disparagement,0.3888888888888889,0.6363636363636364,0.4827586206896552,11.0,SBERT_LogisticRegression,46
Non-Transferable License,0.3670886075949367,0.4603174603174603,0.4084507042253521,63.0,SBERT_LogisticRegression,46
Notice Period To Terminate Renewal,0.5,0.56,0.5283018867924528,25.0,SBERT_LogisticRegression,46
Parties,0.9753694581280788,0.9519230769230769,0.9635036496350365,208.0,SBERT_LogisticRegression,46
Post-Termination Services,0.78125,0.5813953488372093,0.6666666666666666,86.0,SBERT_LogisticRegression,46
Price Restrictions,0.4,0.4,0.4,5.0,SBERT_LogisticRegression,46
Renewal Term,0.5384615384615384,0.4,0.45901639344262296,35.0,SBERT_LogisticRegression,46
Revenue/Profit Sharing,0.788235294117647,0.8933333333333333,0.8375,75.0,SBERT_LogisticRegression,46
Rofr/Rofo/Rofn,0.8181818181818182,0.5779816513761468,0.6774193548387096,109.0,SBERT_LogisticRegression,46
Source Code Escrow,0.8,0.8,0.8,20.0,SBERT_LogisticRegression,46
Termination For Convenience,0.6129032258064516,0.76,0.6785714285714286,50.0,SBERT_LogisticRegression,46
Third Party Beneficiary,0.875,0.875,0.875,8.0,SBERT_LogisticRegression,46
Uncapped Liability,0.49056603773584906,0.6190476190476191,0.5473684210526316,42.0,SBERT_LogisticRegression,46
Unlimited/All-You-Can-Eat-License,0.14705882352941177,0.625,0.23809523809523808,8.0,SBERT_LogisticRegression,46
Volume Restriction,0.5,0.5333333333333333,0.5161290322580645,30.0,SBERT_LogisticRegression,46
Warranty Duration,0.6,0.9166666666666666,0.7252747252747253,36.0,SBERT_LogisticRegression,46
accuracy,0.6886708296164139,0.6886708296164139,0.6886708296164139,0.6886708296164139,SBERT_LogisticRegression,46
macro avg,0.5842588231509563,0.6536505998496335,0.5974042661463412,2242.0,SBERT_LogisticRegression,46
weighted avg,0.7197945879719432,0.6886708296164139,0.6935910638829884,2242.0,SBERT_LogisticRegression,46
Affiliate License-Licensee,0.3076923076923077,0.7272727272727273,0.43243243243243246,11.0,SBERT_LinearSVM,46
Affiliate License-Licensor,0.0,0.0,0.0,3.0,SBERT_LinearSVM,46
Agreement Date,0.6326530612244898,0.9393939393939394,0.7560975609756098,33.0,SBERT_LinearSVM,46
Anti-Assignment,0.8467741935483871,0.8015267175572519,0.8235294117647058,131.0,SBERT_LinearSVM,46
Audit Rights,0.8425925925925926,0.9479166666666666,0.8921568627450981,96.0,SBERT_LinearSVM,46
Cap On Liability,0.7769784172661871,0.7397260273972602,0.7578947368421053,146.0,SBERT_LinearSVM,46
Change Of Control,0.5245901639344263,0.6808510638297872,0.5925925925925926,47.0,SBERT_LinearSVM,46
Competitive Restriction Exception,0.125,0.18181818181818182,0.14814814814814814,22.0,SBERT_LinearSVM,46
Covenant Not To Sue,0.6875,0.7333333333333333,0.7096774193548387,30.0,SBERT_LinearSVM,46
Document Name,0.9555555555555556,0.9885057471264368,0.9717514124293786,87.0,SBERT_LinearSVM,46
Effective Date,0.5769230769230769,0.3333333333333333,0.4225352112676056,45.0,SBERT_LinearSVM,46
Exclusivity,0.4339622641509434,0.26436781609195403,0.32857142857142857,87.0,SBERT_LinearSVM,46
Expiration Date,0.7191011235955056,0.7111111111111111,0.7150837988826816,90.0,SBERT_LinearSVM,46
Governing Law,0.967741935483871,0.989010989010989,0.9782608695652174,91.0,SBERT_LinearSVM,46
Insurance,0.9080459770114943,0.9753086419753086,0.9404761904761905,81.0,SBERT_LinearSVM,46
Ip Ownership Assignment,0.5753424657534246,0.6176470588235294,0.5957446808510638,68.0,SBERT_LinearSVM,46
Irrevocable Or Perpetual License,0.3235294117647059,0.5,0.39285714285714285,22.0,SBERT_LinearSVM,46
Joint Ip Ownership,0.72,0.6666666666666666,0.6923076923076923,27.0,SBERT_LinearSVM,46
License Grant,0.5357142857142857,0.4225352112676056,0.47244094488188976,142.0,SBERT_LinearSVM,46
Liquidated Damages,0.4,0.36363636363636365,0.38095238095238093,11.0,SBERT_LinearSVM,46
Minimum Commitment,0.7111111111111111,0.6666666666666666,0.6881720430107527,96.0,SBERT_LinearSVM,46
Most Favored Nation,0.375,0.75,0.5,4.0,SBERT_LinearSVM,46
No-Solicit Of Customers,0.29411764705882354,0.7142857142857143,0.4166666666666667,7.0,SBERT_LinearSVM,46
No-Solicit Of Employees,0.72,0.9473684210526315,0.8181818181818182,19.0,SBERT_LinearSVM,46
Non-Compete,0.43243243243243246,0.45714285714285713,0.4444444444444444,35.0,SBERT_LinearSVM,46
Non-Disparagement,0.5833333333333334,0.6363636363636364,0.6086956521739131,11.0,SBERT_LinearSVM,46
Non-Transferable License,0.3548387096774194,0.3492063492063492,0.352,63.0,SBERT_LinearSVM,46
Notice Period To Terminate Renewal,0.4444444444444444,0.32,0.37209302325581395,25.0,SBERT_LinearSVM,46
Parties,0.9447004608294931,0.9855769230769231,0.9647058823529412,208.0,SBERT_LinearSVM,46
Post-Termination Services,0.7285714285714285,0.5930232558139535,0.6538461538461539,86.0,SBERT_LinearSVM,46
Price Restrictions,0.25,0.2,0.2222222222222222,5.0,SBERT_LinearSVM,46
Renewal Term,0.4883720930232558,0.6,0.5384615384615384,35.0,SBERT_LinearSVM,46
Revenue/Profit Sharing,0.7764705882352941,0.88,0.825,75.0,SBERT_LinearSVM,46
Rofr/Rofo/Rofn,0.8472222222222222,0.5596330275229358,0.6740331491712708,109.0,SBERT_LinearSVM,46
Source Code Escrow,0.7368421052631579,0.7,0.717948717948718,20.0,SBERT_LinearSVM,46
Termination For Convenience,0.7090909090909091,0.78,0.7428571428571429,50.0,SBERT_LinearSVM,46
Third Party Beneficiary,0.8571428571428571,0.75,0.8,8.0,SBERT_LinearSVM,46
Uncapped Liability,0.5,0.38095238095238093,0.43243243243243246,42.0,SBERT_LinearSVM,46
Unlimited/All-You-Can-Eat-License,0.23076923076923078,0.375,0.2857142857142857,8.0,SBERT_LinearSVM,46
Volume Restriction,0.43333333333333335,0.43333333333333335,0.43333333333333335,30.0,SBERT_LinearSVM,46
Warranty Duration,0.6875,0.9166666666666666,0.7857142857142857,36.0,SBERT_LinearSVM,46
accuracy,0.6980374665477252,0.6980374665477252,0.6980374665477252,0.6980374665477252,SBERT_LinearSVM,46
macro avg,0.584511944847561,0.6238824592291828,0.5921959441386814,2242.0,SBERT_LinearSVM,46
weighted avg,0.7061256285145918,0.6980374665477252,0.6954493464755652,2242.0,SBERT_LinearSVM,46
