split_seed,clause_category,model,precision,recall,f1,auroc
42,Affiliate License-Licensee,TextOnly,0.5333333333333333,0.5714285714285714,0.5517241379310345,0.8659147869674185
42,Affiliate License-Licensee,TextPlusLayout,0.38095238095238093,0.5714285714285714,0.45714285714285713,0.8941102756892232
42,Affiliate License-Licensee,TextPlusLayoutPlusRetrieval,0.34615384615384615,0.6428571428571429,0.45,0.8552631578947368
42,Affiliate License-Licensor,TextOnly,0.4,0.4,0.4,0.9219512195121952
42,Affiliate License-Licensor,TextPlusLayout,0.2,0.6,0.3,0.8845528455284553
42,Affiliate License-Licensor,TextPlusLayoutPlusRetrieval,0.13333333333333333,0.4,0.2,0.8422764227642277
42,Agreement Date,TextOnly,0.7407407407407407,0.43478260869565216,0.547945205479452,0.7510604453870625
42,Agreement Date,TextPlusLayout,0.5964912280701754,0.7391304347826086,0.6601941747572816,0.792948038176034
42,Agreement Date,TextPlusLayoutPlusRetrieval,0.5535714285714286,0.6739130434782609,0.6078431372549019,0.7680275715800636
42,Anti-Assignment,TextOnly,0.8617021276595744,0.8709677419354839,0.8663101604278075,0.8509984639016898
42,Anti-Assignment,TextPlusLayout,0.8681318681318682,0.8494623655913979,0.8586956521739131,0.8605222734254993
42,Anti-Assignment,TextPlusLayoutPlusRetrieval,0.8804347826086957,0.8709677419354839,0.8756756756756757,0.838095238095238
42,Audit Rights,TextOnly,0.6607142857142857,0.8409090909090909,0.74,0.8687770562770564
42,Audit Rights,TextPlusLayout,0.5714285714285714,0.8181818181818182,0.6728971962616822,0.8587662337662338
42,Audit Rights,TextPlusLayoutPlusRetrieval,0.559322033898305,0.75,0.6407766990291263,0.8038419913419914
42,Cap On Liability,TextOnly,0.75,0.9107142857142857,0.8225806451612904,0.9136904761904762
42,Cap On Liability,TextPlusLayout,0.6438356164383562,0.8392857142857143,0.7286821705426356,0.8861607142857143
42,Cap On Liability,TextPlusLayoutPlusRetrieval,0.6617647058823529,0.8035714285714286,0.7258064516129032,0.8645833333333334
42,Change Of Control,TextOnly,0.5,0.5714285714285714,0.5333333333333333,0.8567857142857143
42,Change Of Control,TextPlusLayout,0.4772727272727273,0.75,0.5833333333333334,0.8692857142857144
42,Change Of Control,TextPlusLayoutPlusRetrieval,0.4318181818181818,0.6785714285714286,0.5277777777777778,0.8117857142857143
42,Competitive Restriction Exception,TextOnly,0.46153846153846156,0.2857142857142857,0.35294117647058826,0.7846016911437472
42,Competitive Restriction Exception,TextPlusLayout,0.37037037037037035,0.47619047619047616,0.4166666666666667,0.7516688918558078
42,Competitive Restriction Exception,TextPlusLayoutPlusRetrieval,0.3793103448275862,0.5238095238095238,0.44,0.8006230529595015
42,Covenant Not To Sue,TextOnly,0.4827586206896552,0.6666666666666666,0.56,0.8335558522474409
42,Covenant Not To Sue,TextPlusLayout,0.4,0.7619047619047619,0.5245901639344263,0.8242100578549176
42,Covenant Not To Sue,TextPlusLayoutPlusRetrieval,0.3170731707317073,0.6190476190476191,0.41935483870967744,0.7249666221628839
42,Document Name,TextOnly,0.8728813559322034,0.9537037037037037,0.911504424778761,0.8009259259259259
42,Document Name,TextPlusLayout,0.9230769230769231,0.8888888888888888,0.9056603773584906,0.875462962962963
42,Document Name,TextPlusLayoutPlusRetrieval,0.95,0.8796296296296297,0.9134615384615384,0.8787037037037038
42,Effective Date,TextOnly,0.5833333333333334,0.6481481481481481,0.6140350877192983,0.6866866866866868
42,Effective Date,TextPlusLayout,0.6166666666666667,0.6851851851851852,0.6491228070175439,0.740990990990991
42,Effective Date,TextPlusLayoutPlusRetrieval,0.6612903225806451,0.7592592592592593,0.7068965517241379,0.7945445445445445
42,Exclusivity,TextOnly,0.7317073170731707,0.6122448979591837,0.6666666666666666,0.8450012916559029
42,Exclusivity,TextPlusLayout,0.6274509803921569,0.6530612244897959,0.64,0.7930767243606303
42,Exclusivity,TextPlusLayoutPlusRetrieval,0.625,0.6122448979591837,0.6185567010309279,0.7912684060966159
42,Expiration Date,TextOnly,0.875,0.9191919191919192,0.896551724137931,0.881574364332985
42,Expiration Date,TextPlusLayout,0.9081632653061225,0.898989898989899,0.9035532994923858,0.836642284918147
42,Expiration Date,TextPlusLayoutPlusRetrieval,0.9340659340659341,0.8585858585858586,0.8947368421052632,0.8969000348310693
42,Governing Law,TextOnly,0.9137931034482759,0.9814814814814815,0.9464285714285714,0.8861111111111111
42,Governing Law,TextPlusLayout,0.9444444444444444,0.9444444444444444,0.9444444444444444,0.8935185185185185
42,Governing Law,TextPlusLayoutPlusRetrieval,0.95,0.8796296296296297,0.9134615384615384,0.9125
42,Insurance,TextOnly,0.8181818181818182,0.627906976744186,0.7105263157894737,0.8941176470588235
42,Insurance,TextPlusLayout,0.6097560975609756,0.5813953488372093,0.5952380952380952,0.7868673050615596
42,Insurance,TextPlusLayoutPlusRetrieval,0.6666666666666666,0.6046511627906976,0.6341463414634146,0.814500683994528
42,Ip Ownership Assignment,TextOnly,0.71875,0.7931034482758621,0.7540983606557377,0.8801811215604318
42,Ip Ownership Assignment,TextPlusLayout,0.5675675675675675,0.7241379310344828,0.6363636363636364,0.8707767328456983
42,Ip Ownership Assignment,TextPlusLayoutPlusRetrieval,0.5789473684210527,0.7586206896551724,0.6567164179104478,0.8655520724486242
42,Irrevocable Or Perpetual License,TextOnly,0.75,0.75,0.75,0.937962962962963
42,Irrevocable Or Perpetual License,TextPlusLayout,0.5714285714285714,0.6,0.5853658536585366,0.8976851851851851
42,Irrevocable Or Perpetual License,TextPlusLayoutPlusRetrieval,0.5652173913043478,0.65,0.6046511627906976,0.9023148148148148
42,Joint Ip Ownership,TextOnly,0.2727272727272727,0.5,0.35294117647058826,0.9180327868852459
42,Joint Ip Ownership,TextPlusLayout,0.15789473684210525,0.5,0.24,0.7677595628415301
42,Joint Ip Ownership,TextPlusLayoutPlusRetrieval,0.1,0.3333333333333333,0.15384615384615385,0.7745901639344263
42,License Grant,TextOnly,0.9333333333333333,0.875,0.9032258064516129,0.970703125
42,License Grant,TextPlusLayout,0.8153846153846154,0.828125,0.8217054263565892,0.922607421875
42,License Grant,TextPlusLayoutPlusRetrieval,0.8769230769230769,0.890625,0.8837209302325582,0.953125
42,Liquidated Damages,TextOnly,0.7142857142857143,0.2777777777777778,0.4,0.8131313131313131
42,Liquidated Damages,TextPlusLayout,0.4,0.5555555555555556,0.46511627906976744,0.8237373737373738
42,Liquidated Damages,TextPlusLayoutPlusRetrieval,0.3448275862068966,0.5555555555555556,0.425531914893617,0.811111111111111
42,Minimum Commitment,TextOnly,0.5714285714285714,0.6666666666666666,0.6153846153846154,0.8052536231884058
42,Minimum Commitment,TextPlusLayout,0.49122807017543857,0.7777777777777778,0.6021505376344086,0.788647342995169
42,Minimum Commitment,TextPlusLayoutPlusRetrieval,0.5,0.6666666666666666,0.5714285714285714,0.7883454106280193
42,Most Favored Nation,TextOnly,0.0,0.0,0.0,0.8427083333333334
42,Most Favored Nation,TextPlusLayout,0.17647058823529413,0.375,0.24,0.8177083333333334
42,Most Favored Nation,TextPlusLayoutPlusRetrieval,0.17647058823529413,0.375,0.24,0.7958333333333334
42,No-Solicit Of Customers,TextOnly,0.8,0.4444444444444444,0.5714285714285714,0.861811391223156
42,No-Solicit Of Customers,TextPlusLayout,0.16666666666666666,0.4444444444444444,0.24242424242424243,0.7282913165266106
42,No-Solicit Of Customers,TextPlusLayoutPlusRetrieval,0.25,0.5555555555555556,0.3448275862068966,0.8225957049486461
42,No-Solicit Of Employees,TextOnly,0.5,0.3,0.375,0.8657407407407407
42,No-Solicit Of Employees,TextPlusLayout,0.3333333333333333,0.45,0.3829787234042553,0.8305555555555555
42,No-Solicit Of Employees,TextPlusLayoutPlusRetrieval,0.5,0.65,0.5652173913043478,0.875925925925926
42,Non-Compete,TextOnly,0.45454545454545453,0.5357142857142857,0.4918032786885246,0.7903571428571429
42,Non-Compete,TextPlusLayout,0.4878048780487805,0.7142857142857143,0.5797101449275363,0.8121428571428572
42,Non-Compete,TextPlusLayoutPlusRetrieval,0.42857142857142855,0.6428571428571429,0.5142857142857142,0.8078571428571428
43,Affiliate License-Licensee,TextOnly,0.6428571428571429,0.5625,0.6,0.8197544642857143
43,Affiliate License-Licensee,TextPlusLayout,0.43478260869565216,0.625,0.5128205128205128,0.8694196428571428
43,Affiliate License-Licensee,TextPlusLayoutPlusRetrieval,0.5,0.6875,0.5789473684210527,0.89453125
43,Affiliate License-Licensor,TextOnly,0.3,0.75,0.42857142857142855,0.9475806451612904
43,Affiliate License-Licensor,TextPlusLayout,0.21428571428571427,0.75,0.3333333333333333,0.9213709677419355
43,Affiliate License-Licensor,TextPlusLayoutPlusRetrieval,0.2,0.75,0.3157894736842105,0.9274193548387097
43,Agreement Date,TextOnly,0.6410256410256411,0.6097560975609756,0.625,0.8174936921783011
43,Agreement Date,TextPlusLayout,0.6037735849056604,0.7804878048780488,0.6808510638297872,0.8460891505466779
43,Agreement Date,TextPlusLayoutPlusRetrieval,0.6274509803921569,0.7804878048780488,0.6956521739130435,0.8640313989346791
43,Anti-Assignment,TextOnly,0.8404255319148937,0.9080459770114943,0.8729281767955801,0.8940285954583683
43,Anti-Assignment,TextPlusLayout,0.8876404494382022,0.9080459770114943,0.8977272727272727,0.9108494533221194
43,Anti-Assignment,TextPlusLayoutPlusRetrieval,0.8863636363636364,0.896551724137931,0.8914285714285715,0.8931875525651808
43,Audit Rights,TextOnly,0.6923076923076923,0.6428571428571429,0.6666666666666666,0.8459821428571428
43,Audit Rights,TextPlusLayout,0.7636363636363637,0.75,0.7567567567567568,0.871031746031746
43,Audit Rights,TextPlusLayoutPlusRetrieval,0.7547169811320755,0.7142857142857143,0.7339449541284404,0.8601190476190476
43,Cap On Liability,TextOnly,0.8088235294117647,0.8208955223880597,0.8148148148148148,0.9158306826523123
43,Cap On Liability,TextPlusLayout,0.8181818181818182,0.8059701492537313,0.8120300751879699,0.884511866895033
43,Cap On Liability,TextPlusLayoutPlusRetrieval,0.7746478873239436,0.8208955223880597,0.7971014492753623,0.8536824076339614
43,Change Of Control,TextOnly,0.5483870967741935,0.5483870967741935,0.5483870967741935,0.7648819421350183
43,Change Of Control,TextPlusLayout,0.475,0.6129032258064516,0.5352112676056338,0.7908214166943798
43,Change Of Control,TextPlusLayoutPlusRetrieval,0.43902439024390244,0.5806451612903226,0.5,0.7971400066511474
43,Competitive Restriction Exception,TextOnly,0.5,0.45454545454545453,0.47619047619047616,0.8597770154373928
43,Competitive Restriction Exception,TextPlusLayout,0.5517241379310345,0.7272727272727273,0.6274509803921569,0.8893653516295026
43,Competitive Restriction Exception,TextPlusLayoutPlusRetrieval,0.42424242424242425,0.6363636363636364,0.509090909090909,0.855917667238422
43,Covenant Not To Sue,TextOnly,0.48148148148148145,0.5,0.49056603773584906,0.8427601809954751
43,Covenant Not To Sue,TextPlusLayout,0.45161290322580644,0.5384615384615384,0.49122807017543857,0.8118401206636501
43,Covenant Not To Sue,TextPlusLayoutPlusRetrieval,0.46153846153846156,0.6923076923076923,0.5538461538461539,0.8137254901960784
43,Document Name,TextOnly,0.8728813559322034,0.944954128440367,0.9074889867841409,0.7749879285369387
43,Document Name,TextPlusLayout,0.9134615384615384,0.8715596330275229,0.892018779342723,0.8223080637373249
43,Document Name,TextPlusLayoutPlusRetrieval,0.9680851063829787,0.8348623853211009,0.896551724137931,0.8879768227909223
43,Effective Date,TextOnly,0.6333333333333333,0.6440677966101694,0.6386554621848739,0.6917219356423483
43,Effective Date,TextPlusLayout,0.6290322580645161,0.6610169491525424,0.6446280991735537,0.7440432326209777
43,Effective Date,TextPlusLayoutPlusRetrieval,0.6666666666666666,0.6779661016949152,0.6722689075630253,0.8025055268975682
43,Exclusivity,TextOnly,0.6666666666666666,0.7441860465116279,0.7032967032967034,0.8645690834473324
43,Exclusivity,TextPlusLayout,0.6071428571428571,0.7906976744186046,0.6868686868686869,0.8659370725034199
43,Exclusivity,TextPlusLayoutPlusRetrieval,0.6415094339622641,0.7906976744186046,0.7083333333333334,0.8596443228454173
43,Expiration Date,TextOnly,0.8942307692307693,0.93,0.9117647058823529,0.9228571428571428
43,Expiration Date,TextPlusLayout,0.8947368421052632,0.85,0.8717948717948718,0.8803571428571428
43,Expiration Date,TextPlusLayoutPlusRetrieval,0.9247311827956989,0.86,0.8911917098445595,0.8875000000000001
43,Governing Law,TextOnly,0.9279279279279279,0.9537037037037037,0.9406392694063926,0.9263888888888889
43,Governing Law,TextPlusLayout,0.9603960396039604,0.8981481481481481,0.9282296650717703,0.9189814814814814
43,Governing Law,TextPlusLayoutPlusRetrieval,0.9351851851851852,0.9351851851851852,0.9351851851851852,0.9375
43,Insurance,TextOnly,0.7317073170731707,0.75,0.7407407407407407,0.9099431818181818
43,Insurance,TextPlusLayout,0.6086956521739131,0.7,0.6511627906976745,0.8588068181818181
43,Insurance,TextPlusLayoutPlusRetrieval,0.6590909090909091,0.725,0.6904761904761905,0.8647727272727272
43,Ip Ownership Assignment,TextOnly,0.4482758620689655,0.5416666666666666,0.49056603773584906,0.7708333333333335
43,Ip Ownership Assignment,TextPlusLayout,0.5,0.7916666666666666,0.6129032258064516,0.8369391025641026
43,Ip Ownership Assignment,TextPlusLayoutPlusRetrieval,0.40476190476190477,0.7083333333333334,0.5151515151515151,0.814102564102564
43,Irrevocable Or Perpetual License,TextOnly,0.5,0.5625,0.5294117647058824,0.9358258928571429
43,Irrevocable Or Perpetual License,TextPlusLayout,0.5,0.75,0.6,0.9352678571428572
43,Irrevocable Or Perpetual License,TextPlusLayoutPlusRetrieval,0.4782608695652174,0.6875,0.5641025641025641,0.9296875
43,Joint Ip Ownership,TextOnly,0.25,0.375,0.3,0.821875
43,Joint Ip Ownership,TextPlusLayout,0.22727272727272727,0.625,0.3333333333333333,0.8541666666666667
43,Joint Ip Ownership,TextPlusLayoutPlusRetrieval,0.13043478260869565,0.375,0.1935483870967742,0.7937500000000001
43,License Grant,TextOnly,0.9242424242424242,0.953125,0.9384615384615385,0.97705078125
43,License Grant,TextPlusLayout,0.8260869565217391,0.890625,0.8571428571428571,0.9296875
43,License Grant,TextPlusLayoutPlusRetrieval,0.8571428571428571,0.9375,0.8955223880597015,0.9521484375
43,Liquidated Damages,TextOnly,0.3333333333333333,0.3076923076923077,0.32,0.785953177257525
43,Liquidated Damages,TextPlusLayout,0.23076923076923078,0.46153846153846156,0.3076923076923077,0.7558528428093646
43,Liquidated Damages,TextPlusLayoutPlusRetrieval,0.21428571428571427,0.46153846153846156,0.2926829268292683,0.7210702341137124
43,Minimum Commitment,TextOnly,0.6363636363636364,0.8,0.7088607594936709,0.869431643625192
43,Minimum Commitment,TextPlusLayout,0.58,0.8285714285714286,0.6823529411764706,0.8798771121351766
43,Minimum Commitment,TextPlusLayoutPlusRetrieval,0.6511627906976745,0.8,0.717948717948718,0.8952380952380952
43,Most Favored Nation,TextOnly,0.5,0.2857142857142857,0.36363636363636365,0.9126328217237308
43,Most Favored Nation,TextPlusLayout,0.3125,0.7142857142857143,0.43478260869565216,0.8795749704840614
43,Most Favored Nation,TextPlusLayoutPlusRetrieval,0.25,0.42857142857142855,0.3157894736842105,0.8748524203069658
43,No-Solicit Of Customers,TextOnly,1.0,0.25,0.4,0.7859195402298851
43,No-Solicit Of Customers,TextPlusLayout,0.36363636363636365,0.3333333333333333,0.34782608695652173,0.6982758620689655
43,No-Solicit Of Customers,TextPlusLayoutPlusRetrieval,0.3076923076923077,0.3333333333333333,0.32,0.8081896551724137
43,No-Solicit Of Employees,TextOnly,0.7142857142857143,0.45454545454545453,0.5555555555555556,0.9557109557109557
43,No-Solicit Of Employees,TextPlusLayout,0.22727272727272727,0.45454545454545453,0.30303030303030304,0.8717948717948718
43,No-Solicit Of Employees,TextPlusLayoutPlusRetrieval,0.375,0.8181818181818182,0.5142857142857142,0.9067599067599068
43,Non-Compete,TextOnly,0.5833333333333334,0.75,0.65625,0.8646428571428572
43,Non-Compete,TextPlusLayout,0.4583333333333333,0.7857142857142857,0.5789473684210527,0.8453571428571428
43,Non-Compete,TextPlusLayoutPlusRetrieval,0.5526315789473685,0.75,0.6363636363636364,0.8628571428571428
44,Affiliate License-Licensee,TextOnly,0.4,0.6666666666666666,0.5,0.8926237161531279
44,Affiliate License-Licensee,TextPlusLayout,0.19230769230769232,0.5555555555555556,0.2857142857142857,0.8300653594771242
44,Affiliate License-Licensee,TextPlusLayoutPlusRetrieval,0.2727272727272727,0.6666666666666666,0.3870967741935484,0.8832866479925303
44,Affiliate License-Licensor,TextOnly,0.4,0.5,0.4444444444444444,0.9475806451612904
44,Affiliate License-Licensor,TextPlusLayout,0.2727272727272727,0.75,0.4,0.9314516129032258
44,Affiliate License-Licensor,TextPlusLayoutPlusRetrieval,0.18181818181818182,0.5,0.26666666666666666,0.8991935483870968
44,Agreement Date,TextOnly,0.6388888888888888,0.5348837209302325,0.5822784810126582,0.7633378932968536
44,Agreement Date,TextPlusLayout,0.5079365079365079,0.7441860465116279,0.6037735849056604,0.7502051983584132
44,Agreement Date,TextPlusLayoutPlusRetrieval,0.5357142857142857,0.6976744186046512,0.6060606060606061,0.7666210670314637
44,Anti-Assignment,TextOnly,0.8383838383838383,0.8829787234042553,0.8601036269430051,0.8782853566958699
44,Anti-Assignment,TextPlusLayout,0.9010989010989011,0.8723404255319149,0.8864864864864865,0.853566958698373
44,Anti-Assignment,TextPlusLayoutPlusRetrieval,0.9010989010989011,0.8723404255319149,0.8864864864864865,0.8663954943679599
44,Audit Rights,TextOnly,0.84,0.7777777777777778,0.8076923076923077,0.9076576576576576
44,Audit Rights,TextPlusLayout,0.7258064516129032,0.8333333333333334,0.7758620689655172,0.8688688688688688
44,Audit Rights,TextPlusLayoutPlusRetrieval,0.7,0.7777777777777778,0.7368421052631579,0.8383383383383383
44,Cap On Liability,TextOnly,0.7916666666666666,0.8382352941176471,0.8142857142857143,0.8799019607843137
44,Cap On Liability,TextPlusLayout,0.8,0.8235294117647058,0.8115942028985508,0.8693627450980392
44,Cap On Liability,TextPlusLayoutPlusRetrieval,0.7878787878787878,0.7647058823529411,0.7761194029850746,0.8473039215686274
44,Change Of Control,TextOnly,0.5454545454545454,0.5294117647058824,0.5373134328358209,0.8138297872340425
44,Change Of Control,TextPlusLayout,0.4186046511627907,0.5294117647058824,0.4675324675324675,0.7653316645807259
44,Change Of Control,TextPlusLayoutPlusRetrieval,0.4666666666666667,0.6176470588235294,0.5316455696202531,0.7869211514392992
44,Competitive Restriction Exception,TextOnly,0.4583333333333333,0.6470588235294118,0.5365853658536586,0.8738738738738738
44,Competitive Restriction Exception,TextPlusLayout,0.41025641025641024,0.9411764705882353,0.5714285714285714,0.8791732909379969
44,Competitive Restriction Exception,TextPlusLayoutPlusRetrieval,0.3902439024390244,0.9411764705882353,0.5517241379310345,0.8961314255431903
44,Covenant Not To Sue,TextOnly,0.42857142857142855,0.5,0.46153846153846156,0.7676282051282051
44,Covenant Not To Sue,TextPlusLayout,0.42105263157894735,0.6666666666666666,0.5161290322580645,0.8056891025641026
44,Covenant Not To Sue,TextPlusLayoutPlusRetrieval,0.3333333333333333,0.4583333333333333,0.38596491228070173,0.7379807692307692
44,Document Name,TextOnly,0.9067796610169492,0.9469026548672567,0.9264069264069265,0.7852507374631269
44,Document Name,TextPlusLayout,0.9387755102040817,0.8141592920353983,0.8720379146919431,0.7775811209439527
44,Document Name,TextPlusLayoutPlusRetrieval,0.9591836734693877,0.831858407079646,0.8909952606635071,0.8572271386430679
44,Effective Date,TextOnly,0.6792452830188679,0.6206896551724138,0.6486486486486487,0.7458128078817735
44,Effective Date,TextPlusLayout,0.5882352941176471,0.6896551724137931,0.6349206349206349,0.7142857142857142
44,Effective Date,TextPlusLayoutPlusRetrieval,0.6461538461538462,0.7241379310344828,0.6829268292682927,0.7746305418719212
44,Exclusivity,TextOnly,0.5918367346938775,0.7631578947368421,0.6666666666666666,0.8441520467836257
44,Exclusivity,TextPlusLayout,0.5084745762711864,0.7894736842105263,0.6185567010309279,0.8555555555555556
44,Exclusivity,TextPlusLayoutPlusRetrieval,0.5370370370370371,0.7631578947368421,0.6304347826086957,0.8254385964912281
44,Expiration Date,TextOnly,0.8807339449541285,0.9320388349514563,0.9056603773584906,0.8710679611650485
44,Expiration Date,TextPlusLayout,0.9019607843137255,0.8932038834951457,0.8975609756097561,0.8190291262135923
44,Expiration Date,TextPlusLayoutPlusRetrieval,0.8979591836734694,0.8543689320388349,0.8756218905472637,0.8601941747572815
44,Governing Law,TextOnly,0.9230769230769231,0.972972972972973,0.9473684210526315,0.8097509273979862
44,Governing Law,TextPlusLayout,0.9285714285714286,0.9369369369369369,0.9327354260089686,0.8150503444621091
44,Governing Law,TextPlusLayoutPlusRetrieval,0.9310344827586207,0.972972972972973,0.9515418502202643,0.9072602013778485
44,Insurance,TextOnly,0.8648648648648649,0.6153846153846154,0.7191011235955056,0.9309210526315789
44,Insurance,TextPlusLayout,0.75,0.75,0.75,0.8699392712550607
44,Insurance,TextPlusLayoutPlusRetrieval,0.6981132075471698,0.7115384615384616,0.7047619047619048,0.8284412955465587
44,Ip Ownership Assignment,TextOnly,0.6428571428571429,0.6428571428571429,0.6428571428571429,0.8671428571428571
44,Ip Ownership Assignment,TextPlusLayout,0.5405405405405406,0.7142857142857143,0.6153846153846154,0.8107142857142856
44,Ip Ownership Assignment,TextPlusLayoutPlusRetrieval,0.4838709677419355,0.5357142857142857,0.5084745762711864,0.8164285714285714
44,Irrevocable Or Perpetual License,TextOnly,0.6,0.8571428571428571,0.7058823529411765,0.955513784461153
44,Irrevocable Or Perpetual License,TextPlusLayout,0.5,0.8571428571428571,0.631578947368421,0.9448621553884712
44,Irrevocable Or Perpetual License,TextPlusLayoutPlusRetrieval,0.5,0.7142857142857143,0.5882352941176471,0.9204260651629073
44,Joint Ip Ownership,TextOnly,0.2857142857142857,0.2222222222222222,0.25,0.9084967320261439
44,Joint Ip Ownership,TextPlusLayout,0.3157894736842105,0.6666666666666666,0.42857142857142855,0.8963585434173669
44,Joint Ip Ownership,TextPlusLayoutPlusRetrieval,0.2,0.2222222222222222,0.21052631578947367,0.73109243697479
44,License Grant,TextOnly,0.9649122807017544,0.8461538461538461,0.9016393442622951,0.9836385836385837
44,License Grant,TextPlusLayout,0.8529411764705882,0.8923076923076924,0.8721804511278195,0.9257631257631258
44,License Grant,TextPlusLayoutPlusRetrieval,0.8307692307692308,0.8307692307692308,0.8307692307692308,0.9218559218559219
44,Liquidated Damages,TextOnly,0.5714285714285714,0.5333333333333333,0.5517241379310345,0.8949852507374632
44,Liquidated Damages,TextPlusLayout,0.3125,0.6666666666666666,0.425531914893617,0.8595870206489675
44,Liquidated Damages,TextPlusLayoutPlusRetrieval,0.26666666666666666,0.5333333333333333,0.35555555555555557,0.7828908554572271
44,Minimum Commitment,TextOnly,0.8048780487804879,0.7021276595744681,0.75,0.880220646178093
44,Minimum Commitment,TextPlusLayout,0.7169811320754716,0.8085106382978723,0.76,0.9117415287628053
44,Minimum Commitment,TextPlusLayoutPlusRetrieval,0.7380952380952381,0.6595744680851063,0.6966292134831461,0.8678749671657473
44,Most Favored Nation,TextOnly,0.25,0.25,0.25,0.8165322580645161
44,Most Favored Nation,TextPlusLayout,0.15789473684210525,0.75,0.2608695652173913,0.9133064516129031
44,Most Favored Nation,TextPlusLayoutPlusRetrieval,0.2222222222222222,1.0,0.36363636363636365,0.9294354838709677
44,No-Solicit Of Customers,TextOnly,0.7142857142857143,0.5,0.5882352941176471,0.9296610169491525
44,No-Solicit Of Customers,TextPlusLayout,0.3333333333333333,0.5,0.4,0.885593220338983
44,No-Solicit Of Customers,TextPlusLayoutPlusRetrieval,0.25,0.8,0.38095238095238093,0.8559322033898306
44,No-Solicit Of Employees,TextOnly,0.9090909090909091,0.5555555555555556,0.6896551724137931,0.9328282828282828
44,No-Solicit Of Employees,TextPlusLayout,0.4090909090909091,0.5,0.45,0.853030303030303
44,No-Solicit Of Employees,TextPlusLayoutPlusRetrieval,0.4482758620689655,0.7222222222222222,0.5531914893617021,0.8696969696969696
44,Non-Compete,TextOnly,0.5,0.75,0.6,0.8653846153846154
44,Non-Compete,TextPlusLayout,0.38636363636363635,0.7083333333333334,0.5,0.8133012820512822
44,Non-Compete,TextPlusLayoutPlusRetrieval,0.4166666666666667,0.8333333333333334,0.5555555555555556,0.8557692307692308
45,Affiliate License-Licensee,TextOnly,0.5294117647058824,0.6,0.5625,0.8761061946902655
45,Affiliate License-Licensee,TextPlusLayout,0.391304347826087,0.6,0.47368421052631576,0.8660766961651918
45,Affiliate License-Licensee,TextPlusLayoutPlusRetrieval,0.3548387096774194,0.7333333333333333,0.4782608695652174,0.8690265486725663
45,Affiliate License-Licensor,TextOnly,0.5,0.25,0.3333333333333333,0.9312500000000001
45,Affiliate License-Licensor,TextPlusLayout,0.2,0.25,0.2222222222222222,0.8250000000000001
45,Affiliate License-Licensor,TextPlusLayoutPlusRetrieval,0.125,0.125,0.125,0.7541666666666667
45,Agreement Date,TextOnly,0.5641025641025641,0.6285714285714286,0.5945945945945946,0.8061443932411675
45,Agreement Date,TextPlusLayout,0.5,0.7428571428571429,0.5977011494252874,0.7705069124423963
45,Agreement Date,TextPlusLayoutPlusRetrieval,0.5,0.7428571428571429,0.5977011494252874,0.8270353302611366
45,Anti-Assignment,TextOnly,0.90625,0.90625,0.90625,0.8981119791666666
45,Anti-Assignment,TextPlusLayout,0.9148936170212766,0.8958333333333334,0.9052631578947369,0.8958333333333333
45,Anti-Assignment,TextPlusLayoutPlusRetrieval,0.9101123595505618,0.84375,0.8756756756756757,0.8808593750000001
45,Audit Rights,TextOnly,0.6615384615384615,0.8113207547169812,0.7288135593220338,0.8649056603773584
45,Audit Rights,TextPlusLayout,0.7333333333333333,0.8301886792452831,0.7787610619469026,0.8800000000000001
45,Audit Rights,TextPlusLayoutPlusRetrieval,0.6825396825396826,0.8113207547169812,0.7413793103448276,0.870440251572327
45,Cap On Liability,TextOnly,0.7733333333333333,0.8529411764705882,0.8111888111888111,0.9117647058823529
45,Cap On Liability,TextPlusLayout,0.810126582278481,0.9411764705882353,0.8707482993197279,0.9191176470588235
45,Cap On Liability,TextPlusLayoutPlusRetrieval,0.7922077922077922,0.8970588235294118,0.8413793103448276,0.8958333333333334
45,Change Of Control,TextOnly,0.5277777777777778,0.59375,0.5588235294117647,0.8134765624999999
45,Change Of Control,TextPlusLayout,0.4489795918367347,0.6875,0.5432098765432098,0.7994791666666666
45,Change Of Control,TextPlusLayoutPlusRetrieval,0.4772727272727273,0.65625,0.5526315789473685,0.7845052083333334
45,Competitive Restriction Exception,TextOnly,0.5,0.4666666666666667,0.4827586206896552,0.8171091445427728
45,Competitive Restriction Exception,TextPlusLayout,0.2903225806451613,0.6,0.391304347826087,0.7858407079646017
45,Competitive Restriction Exception,TextPlusLayoutPlusRetrieval,0.4444444444444444,0.8,0.5714285714285714,0.8973451327433628
45,Covenant Not To Sue,TextOnly,0.5666666666666667,0.7391304347826086,0.6415094339622641,0.858385093167702
45,Covenant Not To Sue,TextPlusLayout,0.5,0.782608695652174,0.6101694915254238,0.8501035196687371
45,Covenant Not To Sue,TextPlusLayoutPlusRetrieval,0.4473684210526316,0.7391304347826086,0.5573770491803278,0.8265010351966874
45,Document Name,TextOnly,0.9122807017543859,0.9203539823008849,0.9162995594713657,0.8094395280235988
45,Document Name,TextPlusLayout,0.94,0.831858407079646,0.8826291079812206,0.7533923303834809
45,Document Name,TextPlusLayoutPlusRetrieval,0.9509803921568627,0.8584070796460177,0.9023255813953488,0.8212389380530973
45,Effective Date,TextOnly,0.5396825396825397,0.6666666666666666,0.5964912280701754,0.6819455054749172
45,Effective Date,TextPlusLayout,0.5846153846153846,0.7450980392156863,0.6551724137931034,0.7858416093710212
45,Effective Date,TextPlusLayoutPlusRetrieval,0.631578947368421,0.7058823529411765,0.6666666666666666,0.803921568627451
45,Exclusivity,TextOnly,0.5714285714285714,0.6222222222222222,0.5957446808510638,0.8141900937081661
45,Exclusivity,TextPlusLayout,0.6140350877192983,0.7777777777777778,0.6862745098039216,0.8246318607764391
45,Exclusivity,TextPlusLayoutPlusRetrieval,0.68,0.7555555555555555,0.7157894736842105,0.8358768406961178
45,Expiration Date,TextOnly,0.9326923076923077,0.9065420560747663,0.919431279620853,0.8878504672897196
45,Expiration Date,TextPlusLayout,0.9292929292929293,0.8598130841121495,0.8932038834951457,0.8682688028482421
45,Expiration Date,TextPlusLayoutPlusRetrieval,0.967032967032967,0.822429906542056,0.8888888888888888,0.9149977748108589
45,Governing Law,TextOnly,0.9137931034482759,0.9814814814814815,0.9464285714285714,0.8268518518518518
45,Governing Law,TextPlusLayout,0.9074074074074074,0.9074074074074074,0.9074074074074074,0.7763888888888888
45,Governing Law,TextPlusLayoutPlusRetrieval,0.9090909090909091,0.9259259259259259,0.9174311926605505,0.8453703703703703
45,Insurance,TextOnly,0.7894736842105263,0.7142857142857143,0.75,0.9191583610188261
45,Insurance,TextPlusLayout,0.6382978723404256,0.7142857142857143,0.6741573033707865,0.8552048726467331
45,Insurance,TextPlusLayoutPlusRetrieval,0.6,0.6428571428571429,0.6206896551724138,0.8355481727574751
45,Ip Ownership Assignment,TextOnly,0.5789473684210527,0.7586206896551724,0.6567164179104478,0.8996865203761755
45,Ip Ownership Assignment,TextPlusLayout,0.5952380952380952,0.8620689655172413,0.704225352112676,0.8857540926506444
45,Ip Ownership Assignment,TextPlusLayoutPlusRetrieval,0.5333333333333333,0.8275862068965517,0.6486486486486487,0.8533611981887844
45,Irrevocable Or Perpetual License,TextOnly,0.6818181818181818,0.7894736842105263,0.7317073170731707,0.963302752293578
45,Irrevocable Or Perpetual License,TextPlusLayout,0.5555555555555556,0.7894736842105263,0.6521739130434783,0.9309512312892323
45,Irrevocable Or Perpetual License,TextPlusLayoutPlusRetrieval,0.4782608695652174,0.5789473684210527,0.5238095238095238,0.9000482858522453
45,Joint Ip Ownership,TextOnly,0.375,0.6666666666666666,0.48,0.9197012138188609
45,Joint Ip Ownership,TextPlusLayout,0.28,0.7777777777777778,0.4117647058823529,0.9112978524743232
45,Joint Ip Ownership,TextPlusLayoutPlusRetrieval,0.14285714285714285,0.3333333333333333,0.2,0.8169934640522876
45,License Grant,TextOnly,0.9365079365079365,0.9365079365079365,0.9365079365079365,0.9748473748473748
45,License Grant,TextPlusLayout,0.835820895522388,0.8888888888888888,0.8615384615384616,0.9555555555555555
45,License Grant,TextPlusLayoutPlusRetrieval,0.8208955223880597,0.873015873015873,0.8461538461538461,0.9448107448107447
45,Liquidated Damages,TextOnly,0.4,0.3333333333333333,0.36363636363636365,0.7429292929292929
45,Liquidated Damages,TextPlusLayout,0.3181818181818182,0.3888888888888889,0.35,0.7101010101010101
45,Liquidated Damages,TextPlusLayoutPlusRetrieval,0.3333333333333333,0.4444444444444444,0.38095238095238093,0.7080808080808081
45,Minimum Commitment,TextOnly,0.6153846153846154,0.6666666666666666,0.64,0.8382812499999999
45,Minimum Commitment,TextPlusLayout,0.7222222222222222,0.8125,0.7647058823529411,0.8549479166666667
45,Minimum Commitment,TextPlusLayoutPlusRetrieval,0.7872340425531915,0.7708333333333334,0.7789473684210526,0.8885416666666668
45,Most Favored Nation,TextOnly,0.0,0.0,0.0,0.780578898225957
45,Most Favored Nation,TextPlusLayout,0.4166666666666667,0.5555555555555556,0.47619047619047616,0.8842203548085901
45,Most Favored Nation,TextPlusLayoutPlusRetrieval,0.25,0.3333333333333333,0.2857142857142857,0.8534080298786181
45,No-Solicit Of Customers,TextOnly,0.6,0.42857142857142855,0.5,0.8949232585596222
45,No-Solicit Of Customers,TextPlusLayout,0.23076923076923078,0.42857142857142855,0.3,0.8665879574970484
45,No-Solicit Of Customers,TextPlusLayoutPlusRetrieval,0.3333333333333333,0.7142857142857143,0.45454545454545453,0.9079102715466352
45,No-Solicit Of Employees,TextOnly,1.0,0.5384615384615384,0.7,0.9571906354515051
45,No-Solicit Of Employees,TextPlusLayout,0.32,0.6153846153846154,0.42105263157894735,0.8769230769230769
45,No-Solicit Of Employees,TextPlusLayoutPlusRetrieval,0.42857142857142855,0.6923076923076923,0.5294117647058824,0.8668896321070235
45,Non-Compete,TextOnly,0.5428571428571428,0.6785714285714286,0.6031746031746031,0.8024999999999999
45,Non-Compete,TextPlusLayout,0.5128205128205128,0.7142857142857143,0.5970149253731343,0.7946428571428571
45,Non-Compete,TextPlusLayoutPlusRetrieval,0.4666666666666667,0.75,0.5753424657534246,0.8078571428571428
46,Affiliate License-Licensee,TextOnly,0.35,0.6363636363636364,0.45161290322580644,0.9425019425019425
46,Affiliate License-Licensee,TextPlusLayout,0.2916666666666667,0.6363636363636364,0.4,0.8772338772338772
46,Affiliate License-Licensee,TextPlusLayoutPlusRetrieval,0.3,0.5454545454545454,0.3870967741935484,0.8135198135198136
46,Affiliate License-Licensor,TextOnly,0.42857142857142855,0.75,0.5454545454545454,0.9294354838709677
46,Affiliate License-Licensor,TextPlusLayout,0.375,0.75,0.5,0.9112903225806452
46,Affiliate License-Licensor,TextPlusLayoutPlusRetrieval,0.15384615384615385,0.5,0.23529411764705882,0.9032258064516129
46,Agreement Date,TextOnly,0.5714285714285714,0.4878048780487805,0.5263157894736842,0.7224558452481076
46,Agreement Date,TextPlusLayout,0.5882352941176471,0.7317073170731707,0.6521739130434783,0.8194561255957387
46,Agreement Date,TextPlusLayoutPlusRetrieval,0.6041666666666666,0.7073170731707317,0.651685393258427,0.8368376787216147
46,Anti-Assignment,TextOnly,0.865979381443299,0.9230769230769231,0.8936170212765957,0.8996138996138996
46,Anti-Assignment,TextPlusLayout,0.9032258064516129,0.9230769230769231,0.9130434782608695,0.9334719334719336
46,Anti-Assignment,TextPlusLayoutPlusRetrieval,0.9072164948453608,0.967032967032967,0.9361702127659575,0.9251559251559252
46,Audit Rights,TextOnly,0.609375,0.8125,0.6964285714285714,0.859375
46,Audit Rights,TextPlusLayout,0.5846153846153846,0.7916666666666666,0.672566371681416,0.8643229166666666
46,Audit Rights,TextPlusLayoutPlusRetrieval,0.609375,0.8125,0.6964285714285714,0.8390624999999999
46,Cap On Liability,TextOnly,0.7605633802816901,0.8307692307692308,0.7941176470588235,0.8945054945054945
46,Cap On Liability,TextPlusLayout,0.8115942028985508,0.8615384615384616,0.835820895522388,0.8908424908424908
46,Cap On Liability,TextPlusLayoutPlusRetrieval,0.7910447761194029,0.8153846153846154,0.803030303030303,0.8747252747252747
46,Change Of Control,TextOnly,0.5588235294117647,0.6129032258064516,0.5846153846153846,0.8250748254073828
46,Change Of Control,TextPlusLayout,0.5,0.8064516129032258,0.6172839506172839,0.8227469238443632
46,Change Of Control,TextPlusLayoutPlusRetrieval,0.425,0.5483870967741935,0.4788732394366197,0.7326238776188893
46,Competitive Restriction Exception,TextOnly,0.2727272727272727,0.3333333333333333,0.3,0.7737373737373738
46,Competitive Restriction Exception,TextPlusLayout,0.2631578947368421,0.5555555555555556,0.35714285714285715,0.7792929292929294
46,Competitive Restriction Exception,TextPlusLayoutPlusRetrieval,0.3870967741935484,0.6666666666666666,0.4897959183673469,0.8277777777777777
46,Covenant Not To Sue,TextOnly,0.47058823529411764,0.64,0.5423728813559322,0.7996116504854369
46,Covenant Not To Sue,TextPlusLayout,0.4166666666666667,0.8,0.547945205479452,0.8128155339805825
46,Covenant Not To Sue,TextPlusLayoutPlusRetrieval,0.35135135135135137,0.52,0.41935483870967744,0.7650485436893204
46,Document Name,TextOnly,0.8559322033898306,0.9619047619047619,0.905829596412556,0.8049689440993788
46,Document Name,TextPlusLayout,0.8952380952380953,0.8952380952380953,0.8952380952380953,0.6989648033126293
46,Document Name,TextPlusLayoutPlusRetrieval,0.8761904761904762,0.8761904761904762,0.8761904761904762,0.7436853002070394
46,Effective Date,TextOnly,0.5714285714285714,0.5490196078431373,0.56,0.669467787114846
46,Effective Date,TextPlusLayout,0.546875,0.6862745098039216,0.6086956521739131,0.7198879551820728
46,Effective Date,TextPlusLayoutPlusRetrieval,0.5645161290322581,0.6862745098039216,0.6194690265486725,0.7346574993633818
46,Exclusivity,TextOnly,0.7755102040816326,0.7755102040816326,0.7755102040816326,0.8486179281839318
46,Exclusivity,TextPlusLayout,0.6595744680851063,0.6326530612244898,0.6458333333333334,0.866442779643503
46,Exclusivity,TextPlusLayoutPlusRetrieval,0.74,0.7551020408163265,0.7474747474747475,0.8698010849909583
46,Expiration Date,TextOnly,0.9134615384615384,0.9134615384615384,0.9134615384615384,0.8802083333333333
46,Expiration Date,TextPlusLayout,0.8910891089108911,0.8653846153846154,0.8780487804878049,0.8361378205128205
46,Expiration Date,TextPlusLayoutPlusRetrieval,0.9157894736842105,0.8365384615384616,0.8743718592964824,0.860576923076923
46,Governing Law,TextOnly,0.9375,0.9375,0.9375,0.8448660714285714
46,Governing Law,TextPlusLayout,0.9629629629629629,0.9285714285714286,0.9454545454545454,0.9051339285714286
46,Governing Law,TextPlusLayoutPlusRetrieval,0.9545454545454546,0.9375,0.9459459459459459,0.9129464285714286
46,Insurance,TextOnly,0.7631578947368421,0.7837837837837838,0.7733333333333333,0.9275319275319276
46,Insurance,TextPlusLayout,0.6170212765957447,0.7837837837837838,0.6904761904761905,0.8681318681318682
46,Insurance,TextPlusLayoutPlusRetrieval,0.6136363636363636,0.7297297297297297,0.6666666666666666,0.8399168399168399
46,Ip Ownership Assignment,TextOnly,0.6486486486486487,0.7272727272727273,0.6857142857142857,0.8740031897926634
46,Ip Ownership Assignment,TextPlusLayout,0.5957446808510638,0.8484848484848485,0.7,0.8669856459330144
46,Ip Ownership Assignment,TextPlusLayoutPlusRetrieval,0.5476190476190477,0.696969696969697,0.6133333333333333,0.8555023923444977
46,Irrevocable Or Perpetual License,TextOnly,0.7619047619047619,0.8421052631578947,0.8,0.9599227426364075
46,Irrevocable Or Perpetual License,TextPlusLayout,0.5769230769230769,0.7894736842105263,0.6666666666666666,0.926605504587156
46,Irrevocable Or Perpetual License,TextPlusLayoutPlusRetrieval,0.625,0.7894736842105263,0.6976744186046512,0.939159826170932
46,Joint Ip Ownership,TextOnly,0.6666666666666666,0.5333333333333333,0.5925925925925926,0.9510324483775812
46,Joint Ip Ownership,TextPlusLayout,0.5,0.6,0.5454545454545454,0.8690265486725663
46,Joint Ip Ownership,TextPlusLayoutPlusRetrieval,0.2777777777777778,0.3333333333333333,0.30303030303030304,0.7828908554572271
46,License Grant,TextOnly,0.9538461538461539,0.9117647058823529,0.9323308270676691,0.9730392156862745
46,License Grant,TextPlusLayout,0.8873239436619719,0.9264705882352942,0.9064748201438849,0.9580882352941177
46,License Grant,TextPlusLayoutPlusRetrieval,0.9230769230769231,0.8823529411764706,0.9022556390977443,0.9561274509803922
46,Liquidated Damages,TextOnly,0.2727272727272727,0.2727272727272727,0.2727272727272727,0.6899766899766899
46,Liquidated Damages,TextPlusLayout,0.038461538461538464,0.09090909090909091,0.05405405405405406,0.5765345765345765
46,Liquidated Damages,TextPlusLayoutPlusRetrieval,0.10714285714285714,0.2727272727272727,0.15384615384615385,0.592074592074592
46,Minimum Commitment,TextOnly,0.6037735849056604,0.8,0.6881720430107527,0.8443181818181817
46,Minimum Commitment,TextPlusLayout,0.6071428571428571,0.85,0.7083333333333334,0.8522727272727273
46,Minimum Commitment,TextPlusLayoutPlusRetrieval,0.5416666666666666,0.65,0.5909090909090909,0.8071022727272728
46,Most Favored Nation,TextOnly,0.0,0.0,0.0,0.8504065040650407
46,Most Favored Nation,TextPlusLayout,0.2,0.6,0.3,0.8894308943089431
46,Most Favored Nation,TextPlusLayoutPlusRetrieval,0.18181818181818182,0.4,0.25,0.9138211382113821
46,No-Solicit Of Customers,TextOnly,0.5,0.14285714285714285,0.2222222222222222,0.9067296340023612
46,No-Solicit Of Customers,TextPlusLayout,0.1875,0.42857142857142855,0.2608695652173913,0.7910271546635184
46,No-Solicit Of Customers,TextPlusLayoutPlusRetrieval,0.21052631578947367,0.5714285714285714,0.3076923076923077,0.8488783943329399
46,No-Solicit Of Employees,TextOnly,0.6666666666666666,0.5882352941176471,0.625,0.9109697933227345
46,No-Solicit Of Employees,TextPlusLayout,0.3939393939393939,0.7647058823529411,0.52,0.8569157392686805
46,No-Solicit Of Employees,TextPlusLayoutPlusRetrieval,0.42857142857142855,0.7058823529411765,0.5333333333333333,0.8929517753047165
46,Non-Compete,TextOnly,0.4358974358974359,0.6538461538461539,0.5230769230769231,0.8148567119155354
46,Non-Compete,TextPlusLayout,0.4,0.7692307692307693,0.5263157894736842,0.7978883861236803
46,Non-Compete,TextPlusLayoutPlusRetrieval,0.42857142857142855,0.6923076923076923,0.5294117647058824,0.8152337858220211
