query_id,query_contract_id,query_label,query_text,method,top1_label,top1_score,top1_text,top1_contract_id,top1_source
0,AgapeAtpCorp_20191202_10-KA_EX-10.1_11911128_EX-10.1_Supply Agreement,Rofr/Rofo/Rofn,The Manufacturer agrees to offer the Customer the first right of refusal to purchase the intellectual property for the products listed in Schedule A of this agreement based upon agreed terms.,BM25_leakage_controlled,Rofr/Rofo/Rofn,55.158364365117706,Any material change in the terms of the offer from a third-party after we have elected not to purchase the seller's interest will constitute a new offer subject to the same right of first refusal as the third party's initial offer.,PfHospitalityGroupInc_20150923_10-12G_EX-10.1_9266710_EX-10.1_Franchise Agreement1,CUAD_train_contracts
0,AgapeAtpCorp_20191202_10-KA_EX-10.1_11911128_EX-10.1_Supply Agreement,Rofr/Rofo/Rofn,The Manufacturer agrees to offer the Customer the first right of refusal to purchase the intellectual property for the products listed in Schedule A of this agreement based upon agreed terms.,SBERT_leakage_controlled,Rofr/Rofo/Rofn,0.7035199403762817,"The Reseller shall have a right of first refusal to include within this Agreement any additional products developed, manufactured, or sold by the Company following the Effective Date that are not currently included in Exhibit A, and upon the exercise of such right, the term ""Products"" shall be expanded to mean such additional products as well.",TodosMedicalLtd_20190328_20-F_EX-4.10_11587157_EX-4.10_Marketing Agreement_ Reseller Agreement,CUAD_train_contracts
1,"BORROWMONEYCOM,INC_06_11_2020-EX-10.1-JOINT VENTURE AGREEMENT",Anti-Assignment,"Assignment of Member status, under this clause, including any management and voting interests, will require the consent of all the remaining Members.",BM25_leakage_controlled,Anti-Assignment,27.89236575619829,"Neither Party may assign or transfer this Supply Agreement, including by merger, operation of law, or otherwise, without the other Party's prior written consent (which shall not be withheld unreasonably) except each Party may assign this Supply Agreement without the other Party's consent in the case of assignment or transfer to a Third Party that succeeds to all or substantially all of the assigning Party's business and assets relating to the subject matter of this Supply Agreement, whether by sale, merger, operation of law or otherwise. Any attempted assignment by a Party in violation of this Section without the written consent of the other Party will be null and void.","VAXCYTE,INC_05_22_2020-EX-10.19-SUPPLY AGREEMENT",CUAD_train_contracts
1,"BORROWMONEYCOM,INC_06_11_2020-EX-10.1-JOINT VENTURE AGREEMENT",Anti-Assignment,"Assignment of Member status, under this clause, including any management and voting interests, will require the consent of all the remaining Members.",SBERT_leakage_controlled,Anti-Assignment,0.6175947189331055,"This Assignment shall inure to the benefit of, and shall be binding upon, the Parties and their respective successors and assigns, but, except as provided in Section 3 above, neither Party may assign this Assignment without the prior written consent of the other Party.","Loop Industries, Inc. - Marketing Agreement",CUAD_train_contracts
2,TubeMediaCorp_20060310_8-K_EX-10.1_513921_EX-10.1_Affiliate Agreement,Revenue/Profit Sharing,"In consideration of the terms and conditions set forth herein, Network shall pay Affiliate (i) the Affiliate Advertising Share, and (ii) the Affiliate Transactional Share, each as provided in Exhibit D.",BM25_leakage_controlled,License Grant,62.94012916205,"Subject to the terms and conditions of this Agreement, Network Affiliate hereby grants to NCM, and NCM hereby accepts, a non-exclusive, non-transferable (except in connection with an assignment of this Agreement in accordance with Section 14.8 hereof), non- sublicenseable, limited license (i) to use the Network Affiliate Marks solely in connection with its delivery of the Service, as approved by Network Affiliate in writing in advance, and (ii) to use the Network Affiliate Marks in Marketing Materials that have been approved by Network Affiliate pursuant to the terms hereof.",DigitalCinemaDestinationsCorp_20111220_S-1_EX-10.10_7346719_EX-10.10_Affiliate Agreement,CUAD_train_contracts
2,TubeMediaCorp_20060310_8-K_EX-10.1_513921_EX-10.1_Affiliate Agreement,Revenue/Profit Sharing,"In consideration of the terms and conditions set forth herein, Network shall pay Affiliate (i) the Affiliate Advertising Share, and (ii) the Affiliate Transactional Share, each as provided in Exhibit D.",SBERT_leakage_controlled,Document Name,0.7397966980934143,NETWORK AFFILIATE AGREEMENT,DigitalCinemaDestinationsCorp_20111220_S-1_EX-10.10_7346719_EX-10.10_Affiliate Agreement,CUAD_train_contracts
3,"GSITECHNOLOGYINC_11_16_2009-EX-10.2-INTELLECTUAL PROPERTY AGREEMENT between SONY ELECTRONICS INC. and GSI TECHNOLOGY, INC.",Change Of Control,other Party with notice of the transfer or assignment.,BM25_leakage_controlled,Anti-Assignment,17.826512655142484,"In the event either Party desires to make such an assignment or other transfer of this Agreement or any rights or obligations hereunder, such Party shall deliver a written notice to the other Party requesting the other Party's written consent in accordance with this Section 13.2, and the other Party shall provide such Party written notice of its determination whether to provide such written consent within [***] following its receipt of such written notice from such Party.",DovaPharmaceuticalsInc_20181108_10-Q_EX-10.2_11414857_EX-10.2_Promotion Agreement,CUAD_train_contracts
3,"GSITECHNOLOGYINC_11_16_2009-EX-10.2-INTELLECTUAL PROPERTY AGREEMENT between SONY ELECTRONICS INC. and GSI TECHNOLOGY, INC.",Change Of Control,other Party with notice of the transfer or assignment.,SBERT_leakage_controlled,Anti-Assignment,0.6821581125259399,"Owner shall deliver notice of any such assignment, pledge or transfer to Service Provider in writing as soon as reasonably practicable thereafter.","SPIENERGYCO,LTD_03_09_2011-EX-99.5-OPERATIONS AND MAINTENANCE AGREEMENT",CUAD_train_contracts
4,"VIVINT SOLAR, INC. - NON-COMPETITION AGREEMENT",Expiration Date,"This Agreement will become effective on the Effective Date, and will continue until the expiration of the ""Sales Term"" as that term is defined in the Sales Dealer Agreement dated as of August 16, 2017 between Vivint and Vivint Solar Developer, LLC (the ""Term"").""",BM25_leakage_controlled,Expiration Date,59.37366457227407,"The term of this Agreement will commence upon the Effective Date and will continue until the fifth (5th) anniversary of the Effective Date, unless earlier terminated or extended under this Article 8 (the ""Initial Term"").",VERICELCORP_08_06_2019-EX-10.10-SUPPLY AGREEMENT,CUAD_train_contracts
4,"VIVINT SOLAR, INC. - NON-COMPETITION AGREEMENT",Expiration Date,"This Agreement will become effective on the Effective Date, and will continue until the expiration of the ""Sales Term"" as that term is defined in the Sales Dealer Agreement dated as of August 16, 2017 between Vivint and Vivint Solar Developer, LLC (the ""Term"").""",SBERT_leakage_controlled,Expiration Date,0.6110405921936035,"This Agreement shall be effective as of the Effective Date and shall continue in effect through December 31, 2021 and any Renewal Term (the ""Term""), unless terminated earlier as set forth herein.",ExactSciencesCorp_20180822_8-K_EX-10.1_11331629_EX-10.1_Promotion Agreement,CUAD_train_contracts
5,AMERICANPHYSICIANSCAPITALINC_03_31_2003-EX-10.26-AGENCY AGREEMENT,Revenue/Profit Sharing,A commission rate of 12% will be paid for both new and renewal physicians liability business.,BM25_leakage_controlled,Revenue/Profit Sharing,19.709727312713834,"4.2.2 the term ""Commission"" will mean the total fees paid in cash to us, by insurance carriers as a percentage of the Premiums generated by insurance policies sold by the Franchised Business, on all new and renewal policies.","GOOSEHEADINSURANCE,INC_04_02_2018-EX-10.6-Franchise Agreement",CUAD_train_contracts
5,AMERICANPHYSICIANSCAPITALINC_03_31_2003-EX-10.26-AGENCY AGREEMENT,Revenue/Profit Sharing,A commission rate of 12% will be paid for both new and renewal physicians liability business.,SBERT_leakage_controlled,Minimum Commitment,0.5804212093353271,"The Royalty Fee will be the following amounts: (a) the greater of (i) twenty percent (20%) of Gross Revenues on insurance policies in their initial term, or (ii) the Minimum Royalty (defined below); and (b) fifty percent (50%) of Gross Revenues on policies in their renewal terms and policies written for existing customers on the same risk profile within a one-year period of the cancellation of their existing policy (also known as ""re-writes"").","GOOSEHEADINSURANCE,INC_04_02_2018-EX-10.6-Franchise Agreement",CUAD_train_contracts
6,SmartRxSystemsInc_20180914_1-A_EX1A-6 MAT CTRCT_11351705_EX1A-6 MAT CTRCT_Distributor Agreement,Document Name,EXCLUSIVE DISTRIBUTOR AGREEMENT,BM25_leakage_controlled,Exclusivity,11.454428139247398,The Distributor is appointed as an exclusive Distributor within the following territories: [*].,LUCIDINC_04_15_2011-EX-10.9-DISTRIBUTOR AGREEMENT,CUAD_train_contracts
6,SmartRxSystemsInc_20180914_1-A_EX1A-6 MAT CTRCT_11351705_EX1A-6 MAT CTRCT_Distributor Agreement,Document Name,EXCLUSIVE DISTRIBUTOR AGREEMENT,SBERT_leakage_controlled,Document Name,0.9479936957359314,NON-EXCLUSIVE DISTRIBUTOR AGREEMENT,ImineCorp_20180725_S-1_EX-10.5_11275970_EX-10.5_Distributor Agreement,CUAD_train_contracts
7,"GSITECHNOLOGYINC_11_16_2009-EX-10.2-INTELLECTUAL PROPERTY AGREEMENT between SONY ELECTRONICS INC. and GSI TECHNOLOGY, INC.",Parties,"GSI Technology, Inc.",BM25_leakage_controlled,Parties,16.28249671909083,"Tripath Technology, Inc.","ETELOS,INC_03_09_2004-EX-10.8-DISTRIBUTOR AGREEMENT",CUAD_train_contracts
7,"GSITECHNOLOGYINC_11_16_2009-EX-10.2-INTELLECTUAL PROPERTY AGREEMENT between SONY ELECTRONICS INC. and GSI TECHNOLOGY, INC.",Parties,"GSI Technology, Inc.",SBERT_leakage_controlled,Parties,0.678482711315155,MTI TECHNOLOGY CORPORATION,MTITECHNOLOGYCORP_11_16_2004-EX-10.102-Reseller Agreement Premier Addendum,CUAD_train_contracts
8,LIGHTBRIDGECORP_11_23_2015-EX-10.26-STRATEGIC ALLIANCE AGREEMENT,Anti-Assignment,No Party may assign this Agreement without the prior written consent of the other Party.,BM25_leakage_controlled,Anti-Assignment,40.378088281492126,No Party may assign any rights under this Agreement or delegate any duties hereunder without the prior written consent of the other Party.,ArtaraTherapeuticsInc_20200110_8-K_EX-10.5_11943350_EX-10.5_License Agreement,CUAD_train_contracts
8,LIGHTBRIDGECORP_11_23_2015-EX-10.26-STRATEGIC ALLIANCE AGREEMENT,Anti-Assignment,No Party may assign this Agreement without the prior written consent of the other Party.,SBERT_leakage_controlled,Anti-Assignment,0.9135340452194214,Neither party may assign this Agreement without the other party's prior written consent.,LegacyEducationAllianceInc_20200330_10-K_EX-10.18_12090678_EX-10.18_Development Agreement,CUAD_train_contracts
9,CHANGEPOINTCORP_03_08_2000-EX-10.6-LICENSE AND HOSTING AGREEMENT,Irrevocable Or Perpetual License,"Subject to the provisions of this Agreement including the provisions of Article 8, Changepoint hereby grants to Customer and Customer hereby accepts from Changepoint the perpetual, personal, non-transferable and non-exclusive Software Licenses to use the Licensed Software for Customer's internal business purposes.",BM25_leakage_controlled,License Grant,78.16459916804665,"Metavante hereby grants to Customer a personal, nonexclusive, and nontransferable license and right, for the duration of this Agreement, to use the Incidental Software solely in accordance with the applicable Documentation and for no other purposes.",OFGBANCORP_03_28_2007-EX-10.23-OUTSOURCING AGREEMENT,CUAD_train_contracts
9,CHANGEPOINTCORP_03_08_2000-EX-10.6-LICENSE AND HOSTING AGREEMENT,Irrevocable Or Perpetual License,"Subject to the provisions of this Agreement including the provisions of Article 8, Changepoint hereby grants to Customer and Customer hereby accepts from Changepoint the perpetual, personal, non-transferable and non-exclusive Software Licenses to use the Licensed Software for Customer's internal business purposes.",SBERT_leakage_controlled,Non-Transferable License,0.6235857009887695,"Customer shall not sell, lease, copy, distribute, transfer, assign or sublicense the Licensed Software to any third party.",OFGBANCORP_03_28_2007-EX-10.23-OUTSOURCING AGREEMENT,CUAD_train_contracts
10,"BLUEHILLSBANCORP,INC_05_20_2014-EX-1.1-AGENCY AGREEMENT",Parties,"Bruyette & Woods, Inc.",BM25_leakage_controlled,Parties,41.950746051599324,"Keefe, Bruyette & Woods, Inc.","ATHENSBANCSHARESCORP_11_02_2009-EX-1.2-AGENCY AGREEMENT , 2009",CUAD_train_contracts
10,"BLUEHILLSBANCORP,INC_05_20_2014-EX-1.1-AGENCY AGREEMENT",Parties,"Bruyette & Woods, Inc.",SBERT_leakage_controlled,Parties,0.854567289352417,"Keefe, Bruyette & Woods, Inc.","ATHENSBANCSHARESCORP_11_02_2009-EX-1.2-AGENCY AGREEMENT , 2009",CUAD_train_contracts
11,SUMMAFOURINC_06_19_1998-EX-10.3-SOFTWARE LICENSE AND MAINTENANCE AGREEMENT,Minimum Commitment,- -------------------------------------------------------------------------------------------------------------------- Requirement - -------------------------------------------------------------------------------------------------------------------- Characteristic Bellcore EIA/TIA-464A D2 - -------------------------------------------------------------------------------------------------------------------- Frequency Deviation +/-1.5% must accept; +/-1.5% must accept; Configurable choice of +/-3.5% must reject +/-3.5% must reject four sets of must accept/must reject: +/-2.0% accept to +/-3.0% reject; +/-2.5% accept to +/-3.5% reject; +/-3.0% accept to +/-4.0% reject; +/-3.5% accept to +/-4.5% ,BM25_leakage_controlled,Post-Termination Services,148.11619821027597,"event of termination in part) for any reason, MSL's authority to Preload MS Software Images and to place MS Software Image documentation in Product packages shall immediately cease.",MANUFACTURERSSERVICESLTD_06_05_2000-EX-10.14-OUTSOURCING AGREEMENT,CUAD_train_contracts
11,SUMMAFOURINC_06_19_1998-EX-10.3-SOFTWARE LICENSE AND MAINTENANCE AGREEMENT,Minimum Commitment,- -------------------------------------------------------------------------------------------------------------------- Requirement - -------------------------------------------------------------------------------------------------------------------- Characteristic Bellcore EIA/TIA-464A D2 - -------------------------------------------------------------------------------------------------------------------- Frequency Deviation +/-1.5% must accept; +/-1.5% must accept; Configurable choice of +/-3.5% must reject +/-3.5% must reject four sets of must accept/must reject: +/-2.0% accept to +/-3.0% reject; +/-2.5% accept to +/-3.5% reject; +/-3.0% accept to +/-4.0% reject; +/-3.5% accept to +/-4.5% ,SBERT_leakage_controlled,Minimum Commitment,0.33486485481262207,ordering of such Miltenyi Products) regarding production planning of Bellicum Product.,"BELLICUMPHARMACEUTICALS,INC_05_07_2019-EX-10.1-Supply Agreement",CUAD_train_contracts
12,"PHREESIA,INC_05_28_2019-EX-10.18-STRATEGIC ALLIANCE AGREEMENT",Anti-Assignment,"Neither Party may assign or otherwise transfer any of its rights, or delegate or otherwise transfer any of its obligations or performance, under this Agreement, in each case whether voluntarily or involuntarily, without the other Party's prior written consent, which will not be unreasonably withheld, conditioned, or delayed.",BM25_leakage_controlled,Anti-Assignment,87.07406653726528,"Licensee shall not assign or otherwise transfer any of its rights, or delegate or otherwise transfer any of its obligations or performance, under this Agreement, in each case whether voluntarily, involuntarily, by operation of law or otherwise, without Licensor's prior written consent.",GopageCorp_20140221_10-K_EX-10.1_8432966_EX-10.1_Content License Agreement,CUAD_train_contracts
12,"PHREESIA,INC_05_28_2019-EX-10.18-STRATEGIC ALLIANCE AGREEMENT",Anti-Assignment,"Neither Party may assign or otherwise transfer any of its rights, or delegate or otherwise transfer any of its obligations or performance, under this Agreement, in each case whether voluntarily or involuntarily, without the other Party's prior written consent, which will not be unreasonably withheld, conditioned, or delayed.",SBERT_leakage_controlled,Anti-Assignment,0.8710932731628418,"Neither party may assign, or otherwise transfer, its rights or delegate its duties or obligations under this Agreement without prior written consent.",MANUFACTURERSSERVICESLTD_06_05_2000-EX-10.14-OUTSOURCING AGREEMENT,CUAD_train_contracts
13,IMAGEWARESYSTEMSINC_12_20_1999-EX-10.22-MAINTENANCE AGREEMENT,Ip Ownership Assignment,"In addition, XIMAGE will provide the following as additional Customer Support Services:",BM25_leakage_controlled,Renewal Term,24.38314238894315,"For a renewable one-year term commencing upon the Maintenance Commencement Date, subject to payment of maintenance fees in accordance with the Fee Schedule but without additional fees or charges, Garman shall provide the following Maintenance Services:",SPARKLINGSPRINGWATERHOLDINGSLTD_07_03_2002-EX-10.13-SOFTWARE LICENSE AND MAINTENANCE AGREEMENT,CUAD_train_contracts
13,IMAGEWARESYSTEMSINC_12_20_1999-EX-10.22-MAINTENANCE AGREEMENT,Ip Ownership Assignment,"In addition, XIMAGE will provide the following as additional Customer Support Services:",SBERT_leakage_controlled,Post-Termination Services,0.4788516163825989,"The Parties shall reasonably cooperate and mutually agree to facilitate the provision of any additional reasonable Technical Support with respect to the applicable Product or Products to Customer, including assistance through the transfer process, Manufacturer Personnel visits to the Receiving Site and training and troubleshooting during the Receiving Site's first production run of the applicable Product or Products, in each case, as and to the extent reasonably agreed by Manufacturer in each instance (and subject to Sections 2.10(d), 2.10(e) and 2.10(f)).",UpjohnInc_20200121_10-12G_EX-2.6_11948692_EX-2.6_Manufacturing Agreement_ Supply Agreement,CUAD_train_contracts
14,ELANDIAINTERNATIONALINC_04_25_2007-EX-10.21-Outsourcing Agreement,Price Restrictions,No later than 30 days after the end of each contract year the Base Fee must be increased or decreased in accordance with the increase or decrease in the CPI and such increases or decreases will be calculated by using the following formula:,BM25_leakage_controlled,Post-Termination Services,52.595423978230286,"Company may liquidate and sell its inventory of Licensed Products (including any inventory then in production) for a period of ninety (90) days after the termination date of the Contract Period, subject to the Company's continued obligation to pay the Fee as provided above, and will deliver the Sales Report with respect to such liquidation sales within 30 days following the end of the first reached full quarter following termination.",GridironBionutrientsInc_20171206_8-K_EX-10.1_10972555_EX-10.1_Endorsement Agreement,CUAD_train_contracts
14,ELANDIAINTERNATIONALINC_04_25_2007-EX-10.21-Outsourcing Agreement,Price Restrictions,No later than 30 days after the end of each contract year the Base Fee must be increased or decreased in accordance with the increase or decrease in the CPI and such increases or decreases will be calculated by using the following formula:,SBERT_leakage_controlled,Minimum Commitment,0.608755350112915,Customer shall pay the Monthly Base Fee in advance on the first day of the calendar month in which the Services are to be performed.,OFGBANCORP_03_28_2007-EX-10.23-OUTSOURCING AGREEMENT,CUAD_train_contracts
15,"VIVINT SOLAR, INC. - NON-COMPETITION AGREEMENT",Parties,"Each of Vivint Solar and Vivint may also be referred to herein individually as a ""Party"", and collectively as the ""Parties"".",BM25_leakage_controlled,Parties,58.412765049092314,"Each of Customer and Kubient may be referred to herein individually as a ""Party"" and collectively as the ""Parties"".","KUBIENT,INC_07_02_2020-EX-10.14-MASTER SERVICES AGREEMENT_Part1",CUAD_train_contracts
15,"VIVINT SOLAR, INC. - NON-COMPETITION AGREEMENT",Parties,"Each of Vivint Solar and Vivint may also be referred to herein individually as a ""Party"", and collectively as the ""Parties"".",SBERT_leakage_controlled,Parties,0.6458591818809509,"Each of the foregoing parties is referred to herein as a ""Party"" and together as the ""Parties"".",ABILITYINC_06_15_2020-EX-4.25-SERVICES AGREEMENT,CUAD_train_contracts
16,STAMPSCOMINC_06_24_1999-EX-10.18-SPONSORSHIP AGREEMENT,Competitive Restriction Exception,"Notwithstanding the above, Intuit may include editorial content or tools about or from a Client Competitor and include Client Competitors in directory listings.",BM25_leakage_controlled,Competitive Restriction Exception,26.790752465530023,"Notwithstanding the foregoing, Excite may display Excite Search results links to NetGrocer's Competitors in Excite Search results pages in response to user queries, may display links to NetGrocer's Competitors in Excite's general directory of Web sites and, after giving NetGrocer reasonable advance notice, in search results displayed in ""Excite Shopping Service powered by Jango"".",NETGROCERINC_07_31_1998-EX-10.15-SPONSORSHIP AGREEMENT,CUAD_train_contracts
16,STAMPSCOMINC_06_24_1999-EX-10.18-SPONSORSHIP AGREEMENT,Competitive Restriction Exception,"Notwithstanding the above, Intuit may include editorial content or tools about or from a Client Competitor and include Client Competitors in directory listings.",SBERT_leakage_controlled,License Grant,0.4871892035007477,"Upon activation of the Affiliate, the Software Publisher grants the Affiliate a non-exclusive, revocable right to use provided advertising material, notices and all further presentations (insofar as available - also known hereafter as ""Material"") only for the purpose of designating its Web site as a ""partner Web site"" and presenting the designated advertising Material.",SouthernStarEnergyInc_20051202_SB-2A_EX-9_801890_EX-9_Affiliate Agreement,CUAD_train_contracts
17,QuantumGroupIncFl_20090120_8-K_EX-99.2_3672910_EX-99.2_Hosting Agreement,Volume Restriction,Restore System Images at no additional charge up to two (2) times per month per Managed Server per Customer.,BM25_leakage_controlled,Volume Restriction,40.4625758345941,"At Client's cost for materials (but excluding costs for labor or other EFS charges), EFS agrees to include up to two (2) inserts per month in each of the Catalogs and up to two (2) onserts per month in all outgoing Merchandise packaging, promoting Client products and services and/or those of Client's affiliates, Licensees or sponsors.",PlayboyEnterprisesInc_20090220_10-QA_EX-10.2_4091580_EX-10.2_Content License Agreement_ Marketing Agreement_ Sales-Purchase Agreement1,CUAD_train_contracts
17,QuantumGroupIncFl_20090120_8-K_EX-99.2_3672910_EX-99.2_Hosting Agreement,Volume Restriction,Restore System Images at no additional charge up to two (2) times per month per Managed Server per Customer.,SBERT_leakage_controlled,License Grant,0.4362693130970001,You further acknowledge and agree that we and our affiliates have the right to charge a reasonable systems fee for software or systems installation services; modifications and enhancements specifically made for us or our affiliates that are licensed to you; and other maintenance and support Computer System-related services that we or our affiliates furnish to you.,JOINTCORP_09_19_2014-EX-10.15-FRANCHISE AGREEMENT,CUAD_train_contracts
18,"BLUEHILLSBANCORP,INC_05_20_2014-EX-1.1-AGENCY AGREEMENT",Revenue/Profit Sharing,"A Success Fee of 0.85% shall be paid based on the aggregate purchase price of the Shares sold in the Subscription Offering and the Community Offering excluding shares purchased by the Blue Hills Parties' officers, directors, trustees or employees (or members of their immediate family) plus any ESOP, tax-qualified or stock based compensation plans or similar plan created by the Blue Hills Parties for some or all of their directors or employees or by the foundation (or any shares contributed to the foundation).",BM25_leakage_controlled,Revenue/Profit Sharing,211.26897078619976,"(b) A success fee upon completion of the Offering of 1.125% of the aggregate purchase price of the Common Shares sold in the Subscription Offering and Community Offering excluding shares purchased by the Bank's officers, directors, or employees (or members of their immediate family), any ESOP, tax-qualified or stock-based compensation plans (except IRAs) or similar plan created by the Bank or the Company for some or all of its directors or employees, or contributed to any charitable foundation established by the Bank in connection with the Conversion.","ATHENSBANCSHARESCORP_11_02_2009-EX-1.2-AGENCY AGREEMENT , 2009",CUAD_train_contracts
18,"BLUEHILLSBANCORP,INC_05_20_2014-EX-1.1-AGENCY AGREEMENT",Revenue/Profit Sharing,"A Success Fee of 0.85% shall be paid based on the aggregate purchase price of the Shares sold in the Subscription Offering and the Community Offering excluding shares purchased by the Blue Hills Parties' officers, directors, trustees or employees (or members of their immediate family) plus any ESOP, tax-qualified or stock based compensation plans or similar plan created by the Blue Hills Parties for some or all of their directors or employees or by the foundation (or any shares contributed to the foundation).",SBERT_leakage_controlled,Revenue/Profit Sharing,0.6714818477630615,"(b) A success fee upon completion of the Offering of 1.125% of the aggregate purchase price of the Common Shares sold in the Subscription Offering and Community Offering excluding shares purchased by the Bank's officers, directors, or employees (or members of their immediate family), any ESOP, tax-qualified or stock-based compensation plans (except IRAs) or similar plan created by the Bank or the Company for some or all of its directors or employees, or contributed to any charitable foundation established by the Bank in connection with the Conversion.","ATHENSBANCSHARESCORP_11_02_2009-EX-1.2-AGENCY AGREEMENT , 2009",CUAD_train_contracts
19,PhasebioPharmaceuticalsInc_20200330_10-K_EX-10.21_12086810_EX-10.21_Development Agreement,Change Of Control,PB will notify SFJ in writing promptly (and in any event within [***]) following the entering into of a definitive agreement with respect to a Change of Control of PB.,BM25_leakage_controlled,Change Of Control,47.63412378941449,Licensee shall notify Bioeq in writing within [***] ([***]) days after entry by Licensee into a definitive agreement which would result in a Competitor Change of Control.,CoherusBiosciencesInc_20200227_10-K_EX-10.29_12021376_EX-10.29_Development Agreement,CUAD_train_contracts
19,PhasebioPharmaceuticalsInc_20200330_10-K_EX-10.21_12086810_EX-10.21_Development Agreement,Change Of Control,PB will notify SFJ in writing promptly (and in any event within [***]) following the entering into of a definitive agreement with respect to a Change of Control of PB.,SBERT_leakage_controlled,Change Of Control,0.5059454441070557,"Promptly after any public announcement regarding any proposed transaction that would result in a Change in Circumstances, Buyer shall notify Seller, in writing, of the nature of such transaction, the parties thereto and the proposed date of consummation.",WestPharmaceuticalServicesInc_20200116_8-K_EX-10.1_11947529_EX-10.1_Supply Agreement,CUAD_train_contracts
20,GluMobileInc_20070319_S-1A_EX-10.09_436630_EX-10.09_Content License Agreement1,Ip Ownership Assignment,"Fox shall own all Intellectual Property Rights in and to any derivative works made from the Properties, whether or not used in the Wireless Products, including without limitation design documents, graphics, animation, music, packaging, advertising, promotional and other artwork used in connection with the development and distribution of the Wireless Products but at all times excluding the Licensee Materials as defined in Paragraph 11(c) below (collectively, the ""Fox Intellectual Property"").",BM25_leakage_controlled,Affiliate License-Licensor,86.28348143601876,"""Product IP"" means (a) all Intellectual Property Rights in and to the Products, including all Product Updates, (b) any other Inventions and work products created or developed in connection with research and development or manufacturing efforts relating to the Products, including all Intellectual Property Rights therein and (c) all Intellectual Property Rights in and to the Mask Sets and Tooling, in each of the foregoing cases, that are owned or controlled by ENERGOUS, its Affiliates or any successor or assign.",ENERGOUSCORP_03_16_2017-EX-10.24-STRATEGIC ALLIANCE AGREEMENT,CUAD_train_contracts
20,GluMobileInc_20070319_S-1A_EX-10.09_436630_EX-10.09_Content License Agreement1,Ip Ownership Assignment,"Fox shall own all Intellectual Property Rights in and to any derivative works made from the Properties, whether or not used in the Wireless Products, including without limitation design documents, graphics, animation, music, packaging, advertising, promotional and other artwork used in connection with the development and distribution of the Wireless Products but at all times excluding the Licensee Materials as defined in Paragraph 11(c) below (collectively, the ""Fox Intellectual Property"").",SBERT_leakage_controlled,Parties,0.5537765026092529,"Fox Mobile Entertainment, Inc.",GluMobileInc_20070319_S-1A_EX-10.09_436630_EX-10.09_Content License Agreement4,CUAD_train_contracts
21,SoupmanInc_20150814_8-K_EX-10.1_9230148_EX-10.1_Franchise Agreement1,License Grant,"We grant to you, upon the terms and conditions contained in this Agreement, the exclusive right to establish and operate a Franchised Business and a license to use the methods, procedures and products developed by us in the business of selling and servicing Unit Franchises in the territory described on Attachment A attached to this Agreement and incorporated into this Agreement by reference (the ""Master Territory"").",BM25_leakage_controlled,Exclusivity,99.29187186449927,"AIRSOPURE grants to You, and You accept from AIRSOPURE, the right and license to operate an AIRSOPURE Center (or the ""Franchise"") for the sale or lease of AIRSOPURE's exclusive line of Products or at a location in the Exclusive Territory to be approved in writing by AIRSOPURE and listed in attached Exhibit A (the ""Exclusive Territory and Center Location""), to purchase Products from AIRSOPURE or its affiliates for resale at the Center to customers in the Exclusive Territory, and to use the Licensed Marks only in connection with the operation of the Franchise in accordance with the terms and conditions of this Agreement.",AIRTECHINTERNATIONALGROUPINC_05_08_2000-EX-10.4-FRANCHISE AGREEMENT,CUAD_train_contracts
21,SoupmanInc_20150814_8-K_EX-10.1_9230148_EX-10.1_Franchise Agreement1,License Grant,"We grant to you, upon the terms and conditions contained in this Agreement, the exclusive right to establish and operate a Franchised Business and a license to use the methods, procedures and products developed by us in the business of selling and servicing Unit Franchises in the territory described on Attachment A attached to this Agreement and incorporated into this Agreement by reference (the ""Master Territory"").",SBERT_leakage_controlled,Exclusivity,0.7162160873413086,"Subject to Section 1.2, Franchisor hereby grants to Franchisee the exclusive right, (a) to establish and operate Smaaash Centres in the Territory, (b) to sub-license the right to establish and operate Smaaash Centres to third party franchisees in and for the Territory, (c) a license to use the products and other services developed by Franchisor with respect to the Smaaash Centres (including a right to authorise the use of products and services developed by the Franchisor by third party franchisees), in the Territory, and (d) to identify third party franchisees for the Smaaash Centres in the Territory.",SimplicityEsportsGamingCompany_20181130_8-K_EX-10.1_11444071_EX-10.1_Franchise Agreement,CUAD_train_contracts
22,TheglobeComInc_19990503_S-1A_EX-10.20_5416126_EX-10.20_Co-Branding Agreement,Cap On Liability,OTHER PARTY IN AN AMOUNT GREATER THAN THE AMOUNT BOXLOT ACTUALLY PAYS TO THEGLOBE HEREUNDER.,BM25_leakage_controlled,No-Solicit Of Employees,27.59277352509581,"In the event that a Party solicits and then hires an employee of the other Party in violation of this Section 14.4 (Non-Solicit), the hiring Party shall, [***], within [***] ([***]) days of such hire, pay the other Party an amount equal to the [***] cash compensation actually paid to the individual","BERKELEYLIGHTS,INC_06_26_2020-EX-10.12-COLLABORATION AGREEMENT",CUAD_train_contracts
22,TheglobeComInc_19990503_S-1A_EX-10.20_5416126_EX-10.20_Co-Branding Agreement,Cap On Liability,OTHER PARTY IN AN AMOUNT GREATER THAN THE AMOUNT BOXLOT ACTUALLY PAYS TO THEGLOBE HEREUNDER.,SBERT_leakage_controlled,No-Solicit Of Employees,0.42773211002349854,"In the event that a Party solicits and then hires an employee of the other Party in violation of this Section 14.4 (Non-Solicit), the hiring Party shall, [***], within [***] ([***]) days of such hire, pay the other Party an amount equal to the [***] cash compensation actually paid to the individual","BERKELEYLIGHTS,INC_06_26_2020-EX-10.12-COLLABORATION AGREEMENT",CUAD_train_contracts
23,BONTONSTORESINC_04_20_2018-EX-99.3-AGENCY AGREEMENT,Exclusivity,"assignees of (which may in certain circumstances be Purchaser, any of the entities comprising Purchaser, any of their respective affiliates, and/or a new entity created by any of the foregoing), any or all of the Assets free and clear of all liens, claims, and encumbrances thereon, without further order of the Bankruptcy Court (the ""Asset Designation Rights"").",BM25_leakage_controlled,Rofr/Rofo/Rofn,79.16988165406525,"In the event Franchisee or the Principals wish to accept a bona fide offer from a third party to purchase all or substantially all of the assets constituting the Franchised Restaurant or of the majority of the voting stock of the Franchisee, the proposed transferor(s) shall give BKC written notice setting forth the name and address of the prospective purchaser, the price and terms of the offer together with a franchisee application completed by the prospective purchaser, a copy of the Purchase and Sale Agreement, executed by both the seller and purchaser, and all exhibits, copies of any real estate purchase agreement or agreements, proposed security agreements and related promissory notes, a",INTERNATIONALFASTFOODCORP_04_04_1997-EX-99-FRANCHISE AGREEMENT,CUAD_train_contracts
23,BONTONSTORESINC_04_20_2018-EX-99.3-AGENCY AGREEMENT,Exclusivity,"assignees of (which may in certain circumstances be Purchaser, any of the entities comprising Purchaser, any of their respective affiliates, and/or a new entity created by any of the foregoing), any or all of the Assets free and clear of all liens, claims, and encumbrances thereon, without further order of the Bankruptcy Court (the ""Asset Designation Rights"").",SBERT_leakage_controlled,Anti-Assignment,0.6800905466079712,"No Party may assign this Agreement, or any of its rights or obligations under this Agreement (whether by operation of Law or otherwise), without the prior written consent of the other Party; provided, that notwithstanding the foregoing, any Party may assign any or all of its rights or obligations under this Agreement without the consent of the other Party to: (a) its Affiliates, (b) a purchaser of: (i) one or more of its Affiliates that is a Provider or Recipient under this Agreement; (ii) all or substantially all of the business or assets of one or more of its Affiliates that is a Provider or Recipient under this Agreement; or (iii) all or substantially all of such Party's business or asset",ReynoldsConsumerProductsInc_20200121_S-1A_EX-10.22_11948918_EX-10.22_Service Agreement,CUAD_train_contracts
24,GluMobileInc_20070319_S-1A_EX-10.09_436630_EX-10.09_Content License Agreement1,Rofr/Rofo/Rofn,"For the Term of this Agreement, Fox hereby grants to Licensee a right of first negotiation with respect to those theatrical motion pictures released during the Term of this Agreement (in addition to the Properties identified in Exhibit A) in which (i) Fox owns or controls licensing and merchandising rights, for which Fox determines in its sole discretion to grant to any third party any licensing rights for the development and distribution of wireless products, and (ii) which theatrical motion pictures Fox reasonably deems to be a Major Release consistent with its past practices.",BM25_leakage_controlled,License Grant,92.78203862859789,"To the extent the parties engage in any co-branding activities, then, subject to the terms and conditions of this Agreement and during the Term, each party (in such capacity, ""Licensor"") hereby grants to the other party (in such capacity, ""Licensee"") a non-exclusive, non- transferable, worldwide right and license (without the right to sublicense), under Licensor's Intellectual Property Rights in Licensor's Marks, to use those Marks of Licensor set forth in Exhibit D solely in connection with the marketing, sale and distribution of such co-branded Products in accordance with this Agreement.",ENERGOUSCORP_03_16_2017-EX-10.24-STRATEGIC ALLIANCE AGREEMENT,CUAD_train_contracts
24,GluMobileInc_20070319_S-1A_EX-10.09_436630_EX-10.09_Content License Agreement1,Rofr/Rofo/Rofn,"For the Term of this Agreement, Fox hereby grants to Licensee a right of first negotiation with respect to those theatrical motion pictures released during the Term of this Agreement (in addition to the Properties identified in Exhibit A) in which (i) Fox owns or controls licensing and merchandising rights, for which Fox determines in its sole discretion to grant to any third party any licensing rights for the development and distribution of wireless products, and (ii) which theatrical motion pictures Fox reasonably deems to be a Major Release consistent with its past practices.",SBERT_leakage_controlled,Rofr/Rofo/Rofn,0.645518958568573,"If, during the Term, Licensor develops or obtains the rights to license any live action or animated feature-length motion picture (each an ""Additional Title""), Licensor shall give Licensee the first right of negotiation for each Additional Title (i.e., the preferred vendor).",IdeanomicsInc_20151124_8-K_EX-10.2_9354744_EX-10.2_Content License Agreement,CUAD_train_contracts
25,BloomEnergyCorp_20180321_DRSA (on S-1)_EX-10_11240356_EX-10_Maintenance Agreement,Minimum Commitment,"If such Power Performance Warranty calculation indicates that the Actual kWh of the Bloom Systems was less than the Minimum kWh during such Power Performance Warranty Period, then Operator shall so notify Owner in writing of the basis of its determination and Owner may make a claim under Section 2.5.",BM25_leakage_controlled,Warranty Duration,54.80702863641835,"At all times during the Term of this Agreement, Zanotti shall warrant the Products to purchasers of AETRU Systems in accordance with the terms of its standard warranty attached hereto as Exhibit ""C"" (""End User Warranty""), as such End User Warranty may be modified from time to time by Zanotti, provided however that at no time shall such End User Warranty provide for a warranty coverage period of less than thirty-six (36) months from the time of purchase by the initial end-user.",AURASYSTEMSINC_06_16_2010-EX-10.25-STRATEGIC ALLIANCE AGREEMENT,CUAD_train_contracts
25,BloomEnergyCorp_20180321_DRSA (on S-1)_EX-10_11240356_EX-10_Maintenance Agreement,Minimum Commitment,"If such Power Performance Warranty calculation indicates that the Actual kWh of the Bloom Systems was less than the Minimum kWh during such Power Performance Warranty Period, then Operator shall so notify Owner in writing of the basis of its determination and Owner may make a claim under Section 2.5.",SBERT_leakage_controlled,Warranty Duration,0.4406304955482483,Any implied warranties of the Licensed Software are LIMITED to one year starting from the date of purchase or for the period described in the contractual agreement with the Power2Ship.,"VISIUMTECHNOLOGIES,INC_10_20_2004-EX-10.20-DISTRIBUTOR AGREEMENT",CUAD_train_contracts
26,BUFFALOWILDWINGSINC_06_05_1998-EX-10.3-FRANCHISE AGREEMENT,Anti-Assignment,"This Agreement, and your rights and obligations under it, are and shall remain personal to you.",BM25_leakage_controlled,Anti-Assignment,32.10824542827222,"You understand and acknowledge that the rights and duties set forth in this Agreement are personal to you, and that we have granted this franchise in reliance on your (or your Principals') business skill, financial capacity, and personal character.","GOOSEHEADINSURANCE,INC_04_02_2018-EX-10.6-Franchise Agreement",CUAD_train_contracts
26,BUFFALOWILDWINGSINC_06_05_1998-EX-10.3-FRANCHISE AGREEMENT,Anti-Assignment,"This Agreement, and your rights and obligations under it, are and shall remain personal to you.",SBERT_leakage_controlled,Post-Termination Services,0.7224489450454712,"Upon termination or expiration of this Agreement, this Agreement and all rights granted hereunder to You shall immediately terminate, and:",AIRTECHINTERNATIONALGROUPINC_05_08_2000-EX-10.4-FRANCHISE AGREEMENT,CUAD_train_contracts
27,SoupmanInc_20150814_8-K_EX-10.1_9230148_EX-10.1_Franchise Agreement1,Minimum Commitment,"If you do not meet the Minimum Development Quota, we may cancel your exclusive right to market and sell Unit Franchises in your Master Territory and may sell additional Master Franchises within your Master Territory, or we may begin operations of our own in your Master Territory, or we may terminate this Agreement.",BM25_leakage_controlled,Exclusivity,79.65498101615208,"The Parties recognize the importance of fully developing the market for Products in the Exclusive Territory, and a substantial part of the consideration for and inducement to AIRSOPURE to enter into this Agreement is Your agreement to devote Your best efforts to market, sell and support Products to customers located in Your Exclusive Territory. You agree to concentrate Your marketing efforts to customers located in Your Territory, and You agree not to advertise the Products using media or publications whose primary coverage area is outside Your Exclusive Territory.",AIRTECHINTERNATIONALGROUPINC_05_08_2000-EX-10.4-FRANCHISE AGREEMENT,CUAD_train_contracts
27,SoupmanInc_20150814_8-K_EX-10.1_9230148_EX-10.1_Franchise Agreement1,Minimum Commitment,"If you do not meet the Minimum Development Quota, we may cancel your exclusive right to market and sell Unit Franchises in your Master Territory and may sell additional Master Franchises within your Master Territory, or we may begin operations of our own in your Master Territory, or we may terminate this Agreement.",SBERT_leakage_controlled,Document Name,0.6389330625534058,MASTER FRANCHISE AGREEMENT,SimplicityEsportsGamingCompany_20181130_8-K_EX-10.1_11444071_EX-10.1_Franchise Agreement,CUAD_train_contracts
28,BUFFALOWILDWINGSINC_06_05_1998-EX-10.3-FRANCHISE AGREEMENT,Insurance,"You agree to deliver to us prior to opening and periodically at any time upon our request, proper certificate evidencing the existence of the insurance coverage which names us as a named insured.",BM25_leakage_controlled,Insurance,63.66403057109573,"At least thirty (30) days before the time you are first required to carry any insurance under this Agreement, and from then on, at least thirty (30) days before the expiration of any such policy, you agree to deliver to us certificates of insurance evidencing the proper coverage with limits not less than those required under this Agreement.","GOOSEHEADINSURANCE,INC_04_02_2018-EX-10.6-Franchise Agreement",CUAD_train_contracts
28,BUFFALOWILDWINGSINC_06_05_1998-EX-10.3-FRANCHISE AGREEMENT,Insurance,"You agree to deliver to us prior to opening and periodically at any time upon our request, proper certificate evidencing the existence of the insurance coverage which names us as a named insured.",SBERT_leakage_controlled,Insurance,0.7042213678359985,"Upon request, each party shall provide certificates of insurance to the other evidencing the coverage specified herein.",KINGPHARMACEUTICALSINC_08_09_2006-EX-10.1-PROMOTION AGREEMENT,CUAD_train_contracts
29,"PHREESIA,INC_05_28_2019-EX-10.18-STRATEGIC ALLIANCE AGREEMENT",Uncapped Liability,"The limitations in Section 23.1(b) will not apply to (a) losses arising out of or relating to a Party's breach of its obligations in Section 8 (excluding Section 8.4(g)) or Sections 1.1, 1.2, 1.4, 1.6 or 6.1 of the Restated Developer Agreement, (b) losses arising out of a Party's breach of Section 19 or the Business Associate Agreement; (c) a Party's indemnification obligations under Sections 22.1(b) through 22.1(e) or Sections 22.3(b) through 22.3(e); (d) losses arising from a Party's gross negligence or more culpable conduct, including any willful misconduct or intentionally wrongful acts; (e) losses for death, bodily injury, or damage to real or tangible personal property arising out of o",BM25_leakage_controlled,Uncapped Liability,158.77797436746778,"EXCEPT TO THE EXTENT ARISING (A) FROM A PARTY'S BREACH OF ARTICLE 10 (CONFIDENTIALITY), (B) [***] (E) FROM A PARTY'S FRAUD, GROSS NEGLIGENCE OR WILLFUL MISCONDUCT OR (F) IN CONNECTION WITH A PARTY'S INDEMNIFICATION OBLIGATIONS UNDER ARTICLE 12 (INDEMNIFICATION; INSURANCE), IN NO EVENT WILL EITHER PARTY BE LIABLE TO THE OTHER PARTY FOR ANY LOST PROFITS, INDIRECT, SPECIAL, INCIDENTAL, EXEMPLARY OR CONSEQUENTIAL DAMAGES OF ANY KIND ARISING OUT OF OR IN CONNECTION WITH THIS AGREEMENT, HOWEVER CAUSED AND ON","BERKELEYLIGHTS,INC_06_26_2020-EX-10.12-COLLABORATION AGREEMENT",CUAD_train_contracts
29,"PHREESIA,INC_05_28_2019-EX-10.18-STRATEGIC ALLIANCE AGREEMENT",Uncapped Liability,"The limitations in Section 23.1(b) will not apply to (a) losses arising out of or relating to a Party's breach of its obligations in Section 8 (excluding Section 8.4(g)) or Sections 1.1, 1.2, 1.4, 1.6 or 6.1 of the Restated Developer Agreement, (b) losses arising out of a Party's breach of Section 19 or the Business Associate Agreement; (c) a Party's indemnification obligations under Sections 22.1(b) through 22.1(e) or Sections 22.3(b) through 22.3(e); (d) losses arising from a Party's gross negligence or more culpable conduct, including any willful misconduct or intentionally wrongful acts; (e) losses for death, bodily injury, or damage to real or tangible personal property arising out of o",SBERT_leakage_controlled,Uncapped Liability,0.7712275981903076,"NOTWITHSTANDING THE FOREGOING, THESE LIMITATIONS SHALL NOT APPLY TO DAMAGES ARISING FROM A PARTY'S (I) INDEMNIFICATION OBLIGATIONS UNDER SECTION 11.1 OR SECTION 11.2 HEREOF, (II) GROSS NEGLIGENCE OR WILFUL MISCONDUCT, (III) BREACH OF ITS OBLIGATIONS UNDER SECTION 9 OR (IV) INFRINGEMENT OR MISAPPROPRIATION OF THE OTHER PARTY'S INTELLECTUAL PROPERTY.","Magenta Therapeutics, Inc. - Master Development and Manufacturing Agreement",CUAD_train_contracts
30,QuantumGroupIncFl_20090120_8-K_EX-99.2_3672910_EX-99.2_Hosting Agreement,License Grant,"IBM grants Customer a nonexclusive, nontransferable, revocable license to access and use the Base Components solely in connection with the Services as provided under this Agreement.",BM25_leakage_controlled,License Grant,88.58626908329322,"IBM grants Customer a nonexclusive, revocable license to use the Base Components solely in connection with the Services as provided under this Agreement.",BLUEFLYINC_03_27_2002-EX-10.27-e-business Hosting Agreement,CUAD_train_contracts
30,QuantumGroupIncFl_20090120_8-K_EX-99.2_3672910_EX-99.2_Hosting Agreement,License Grant,"IBM grants Customer a nonexclusive, nontransferable, revocable license to access and use the Base Components solely in connection with the Services as provided under this Agreement.",SBERT_leakage_controlled,License Grant,0.9727418422698975,"IBM grants Customer a nonexclusive, revocable license to use the Base Components solely in connection with the Services as provided under this Agreement.",BLUEFLYINC_03_27_2002-EX-10.27-e-business Hosting Agreement,CUAD_train_contracts
31,IGENEBIOTECHNOLOGYINC_05_13_2003-EX-1-JOINT VENTURE AGREEMENT,Parties,"""PARTY"" shall mean each of T&L and Igene",BM25_leakage_controlled,Parties,18.03763154389752,"""Parties"" shall mean OICL and QIWI, together, and each of them a ""Party"";",QIWI_06_16_2017-EX-99.(D)(2)-COOPERATION AGREEMENT,CUAD_train_contracts
31,IGENEBIOTECHNOLOGYINC_05_13_2003-EX-1-JOINT VENTURE AGREEMENT,Parties,"""PARTY"" shall mean each of T&L and Igene",SBERT_leakage_controlled,Parties,0.6747110486030579,"Each shall be referred to as a ""Party"" and collectively as the ""Parties.""",PREMIERBIOMEDICALINC_05_14_2020-EX-10.2-INTELLECTUAL PROPERTY AGREEMENT,CUAD_train_contracts
32,"XLITECHNOLOGIES,INC_12_11_2015-EX-10.1-Sponsorship Agreement",Parties,"Bosch International, LLC / XLI Technologies, Inc.",BM25_leakage_controlled,Parties,32.518999307972194,"BOSCH INTERNATIONAL, LLC","XLITECHNOLOGIES,INC_12_02_2015-EX-10.02-STRATEGIC ALLIANCE AGREEMENT",CUAD_train_contracts
32,"XLITECHNOLOGIES,INC_12_11_2015-EX-10.1-Sponsorship Agreement",Parties,"Bosch International, LLC / XLI Technologies, Inc.",SBERT_leakage_controlled,Parties,0.8796932697296143,"BOSCH INTERNATIONAL, LLC","XLITECHNOLOGIES,INC_12_02_2015-EX-10.02-STRATEGIC ALLIANCE AGREEMENT",CUAD_train_contracts
33,MSCIINC_02_28_2008-EX-10.10-,Cap On Liability,"Notwithstanding the provisions of Section 5(a) and (b), none of the members of the MS Provider Group and the MSCI Provider Group shall be liable for any special, indirect, incidental, consequential or punitive damages of any kind whatsoever in any way due to, resulting from or arising in connection with the performance of or failure to perform MS's or MSCI's obligations under this Agreement.",BM25_leakage_controlled,Cap On Liability,88.54953209759134,"Without limiting the terms set forth in Section 6.09 of the Separation Agreement, none of Honeywell, SpinCo or any other member of either Group shall in any event have any Liability to the other or to any other member of the other's Group under this Agreement for any indirect, special, punitive or consequential damages, whether or not caused by or resulting from negligence or breach of obligations hereunder and whether or not informed of the possibility of the existence of such damages.",GarrettMotionInc_20181001_8-K_EX-2.4_11364532_EX-2.4_Intellectual Property Agreement,CUAD_train_contracts
33,MSCIINC_02_28_2008-EX-10.10-,Cap On Liability,"Notwithstanding the provisions of Section 5(a) and (b), none of the members of the MS Provider Group and the MSCI Provider Group shall be liable for any special, indirect, incidental, consequential or punitive damages of any kind whatsoever in any way due to, resulting from or arising in connection with the performance of or failure to perform MS's or MSCI's obligations under this Agreement.",SBERT_leakage_controlled,Cap On Liability,0.7056488394737244,MMI shall not be liable for indirect or consequential damages unless caused by intention or gross negligence.,DRAGONSYSTEMSINC_01_08_1999-EX-10.17-OUTSOURCING AGREEMENT,CUAD_train_contracts
34,ClickstreamCorp_20200330_1-A_EX1A-6 MAT CTRCT_12089935_EX1A-6 MAT CTRCT_Development Agreement,Non-Compete,"The Developer shall not develop, maintain or market a similar platform and will not compete with the Client directly or indirectly worldwide.",BM25_leakage_controlled,Non-Compete,35.76196165216276,"Surgical shall not promote, market or sell any products for any third party during the Term, which directly or indirectly compete with the Product.","SightLife Surgical, Inc. - STRATEGIC SALES _ MARKETING AGREEMENT",CUAD_train_contracts
34,ClickstreamCorp_20200330_1-A_EX1A-6 MAT CTRCT_12089935_EX1A-6 MAT CTRCT_Development Agreement,Non-Compete,"The Developer shall not develop, maintain or market a similar platform and will not compete with the Client directly or indirectly worldwide.",SBERT_leakage_controlled,Anti-Assignment,0.5892602205276489,Neither Party shall assign this Development Agreement or the obligations contained herein without the express written consent of the other Party.,BIOAMBERINC_04_10_2013-EX-10.34-DEVELOPMENT AGREEMENT (1),CUAD_train_contracts
35,TELKOMSALTD_01_30_2003-EX-10-LICENCE AND MAINTENANCE AGREEMENT,Source Code Escrow,SAP Africa further warrants that SAP AG will from time to time (as soon as the relevant RELEASE and/or VERSION has been finalised) deposit into the escrow account copies of all new versions of the Source Code and related DOCUMENTATION encompassing any and all copies of all versions of the Source Code and related DOCUMENTATION encompassing any and all CORRECTION LEVELS.,BM25_leakage_controlled,Source Code Escrow,106.53505054814077,"Whenever a new version of the Proprietary Software is used for the Site, HealthGate will promptly deposit a new version of the source code and the operational documentation for that version under the same Escrow Agreement, and notify the Publishers in writing that the deposit has been made.",HEALTHGATEDATACORP_11_24_1999-EX-10.1-HOSTING AND MANAGEMENT AGREEMENT (1),CUAD_train_contracts
35,TELKOMSALTD_01_30_2003-EX-10-LICENCE AND MAINTENANCE AGREEMENT,Source Code Escrow,SAP Africa further warrants that SAP AG will from time to time (as soon as the relevant RELEASE and/or VERSION has been finalised) deposit into the escrow account copies of all new versions of the Source Code and related DOCUMENTATION encompassing any and all copies of all versions of the Source Code and related DOCUMENTATION encompassing any and all CORRECTION LEVELS.,SBERT_leakage_controlled,Source Code Escrow,0.6260865330696106,"Whenever a new version of the Proprietary Software is used for the Site, HealthGate will promptly deposit a new version of the source code and the operational documentation for that version under the same Escrow Agreement, and notify the Publishers in writing that the deposit has been made.",HEALTHGATEDATACORP_11_24_1999-EX-10.1-HOSTING AND MANAGEMENT AGREEMENT (1),CUAD_train_contracts
36,AlliedEsportsEntertainmentInc_20190815_8-K_EX-10.34_11788308_EX-10.34_Sponsorship Agreement,Document Name,EVENT SPONSORSHIP AGREEMENT,BM25_leakage_controlled,Document Name,10.603182584488652,SPONSORSHIP AGREEMENT,DOMINIADVISORTRUST_02_18_2005-EX-99.(H)(2)-SPONSORSHIP AGREEMENT,CUAD_train_contracts
36,AlliedEsportsEntertainmentInc_20190815_8-K_EX-10.34_11788308_EX-10.34_Sponsorship Agreement,Document Name,EVENT SPONSORSHIP AGREEMENT,SBERT_leakage_controlled,Document Name,0.8884410858154297,SPONSORSHIP AGREEMENT,DOMINIADVISORTRUST_02_18_2005-EX-99.(H)(2)-SPONSORSHIP AGREEMENT,CUAD_train_contracts
37,WaterNowInc_20191120_10-Q_EX-10.12_11900227_EX-10.12_Distributor Agreement,Expiration Date,"The initial term of this Agreement shall commence on the Effective Date and end on the five (5) year anniversary of the Effective Date (the ""Initial Term""), unless sooner terminated pursuant to the terms hereo",BM25_leakage_controlled,Expiration Date,82.44956556017243,"The initial term of this Agreement shall commence on the Effective Date and shall continue until the fifth (5t h) anniversary of the Effective Date (the ""Term""), unless the Agreement is sooner terminated in accordance with the terms of this Agreement.",LiquidmetalTechnologiesInc_20200205_8-K_EX-10.1_11968198_EX-10.1_Development Agreement,CUAD_train_contracts
37,WaterNowInc_20191120_10-Q_EX-10.12_11900227_EX-10.12_Distributor Agreement,Expiration Date,"The initial term of this Agreement shall commence on the Effective Date and end on the five (5) year anniversary of the Effective Date (the ""Initial Term""), unless sooner terminated pursuant to the terms hereo",SBERT_leakage_controlled,Expiration Date,0.9373874068260193,"The initial term of this Agreement shall commence on the Effective Date and shall continue until the fifth (5t h) anniversary of the Effective Date (the ""Term""), unless the Agreement is sooner terminated in accordance with the terms of this Agreement.",LiquidmetalTechnologiesInc_20200205_8-K_EX-10.1_11968198_EX-10.1_Development Agreement,CUAD_train_contracts
38,"GRIDIRONBIONUTRIENTS,INC_02_05_2020-EX-10.3-SUPPLY AGREEMENT",Governing Law,This Agreement and any amendments thereto shall be construed according to the laws of the State of Colorado without regard to conflicts of law principles and any disputes hereunder shall be litigated in a state court in Colorado.,BM25_leakage_controlled,Governing Law,76.58097710712704,"This Agreement shall be construed and enforced in accordance with, and governed by the laws of the State of Colorado without regard to conflicts of laws principles.",SPORTHALEYINC_09_29_1997-EX-10.2-10-ENDORSEMENT AGREEMENT,CUAD_train_contracts
38,"GRIDIRONBIONUTRIENTS,INC_02_05_2020-EX-10.3-SUPPLY AGREEMENT",Governing Law,This Agreement and any amendments thereto shall be construed according to the laws of the State of Colorado without regard to conflicts of law principles and any disputes hereunder shall be litigated in a state court in Colorado.,SBERT_leakage_controlled,Governing Law,0.9090196490287781,"This Agreement shall be construed and enforced in accordance with, and governed by the laws of the State of Colorado without regard to conflicts of laws principles.",SPORTHALEYINC_09_29_1997-EX-10.2-10-ENDORSEMENT AGREEMENT,CUAD_train_contracts
39,NATIONALPROCESSINGINC_07_18_1996-EX-10.4-SPONSORSHIP AGREEMENT,Exclusivity,"NCB appoints NPC, and NPC agrees to serve, as NCB's sole agent (i) to provide authorization, processing and settlement services with respect to Visa and MasterCard transactions (""Merchant Processing Services"") to merchants who desire to receive Merchant Processing Services from NCB or NPC (""Merchants"") and (ii) to enter into contracts with merchants (""Merchant Contracts"") for the provision of Merchant Processing Services as agent of NCB; provided, however, that nothing herein shall limit NPC's right to provide, as agent for other members of Visa and MasterCard, Merchant Processing Services to merchants who desire to receive such services from NCB or others.",BM25_leakage_controlled,Exclusivity,114.66238417470319,"Subject to the terms and conditions hereof, Monsanto hereby appoints and agrees to use the Agent, and the Agent hereby agrees to serve, as Monsanto's exclusive agent in the Lawn and Garden Market, commencing on the Effective Date, to provide certain services in connection with Monsanto's marketing, sales, and distribution of Roundup Products to Customers.",Monsanto Company - SECOND A_R EXCLUSIVE AGENCY AND MARKETING AGREEMENT,CUAD_train_contracts
39,NATIONALPROCESSINGINC_07_18_1996-EX-10.4-SPONSORSHIP AGREEMENT,Exclusivity,"NCB appoints NPC, and NPC agrees to serve, as NCB's sole agent (i) to provide authorization, processing and settlement services with respect to Visa and MasterCard transactions (""Merchant Processing Services"") to merchants who desire to receive Merchant Processing Services from NCB or NPC (""Merchants"") and (ii) to enter into contracts with merchants (""Merchant Contracts"") for the provision of Merchant Processing Services as agent of NCB; provided, however, that nothing herein shall limit NPC's right to provide, as agent for other members of Visa and MasterCard, Merchant Processing Services to merchants who desire to receive such services from NCB or others.",SBERT_leakage_controlled,Third Party Beneficiary,0.577970027923584,"Notwithstanding anything to the contrary in this Agreement, both the Owner and Servicer agree that the Agent shall be deemed to be a third-party beneficiary of this Agreement and has the authority to enforce the provisions hereof.",CUROGROUPHOLDINGSCORP_05_04_2020-EX-10.3-SERVICING AGREEMENT,CUAD_train_contracts
40,MERITLIFEINSURANCECO_06_19_2020-EX-10.(XIV)-MASTER SERVICES AGREEMENT,Irrevocable Or Perpetual License,"To the extent that Contractor incorporates any of Contractor's Information into the Works, Contractor hereby grants to Company a royalty-free, non- exclusive perpetual license (including the right to grant a sublicense) to use, copy, modify, create, derivative version, publicly perform and publicly display such Contractor's Information in connection with Company's business operations.",BM25_leakage_controlled,License Grant,66.6102974859062,"Solely to the extent necessary to enable Contractor to provide the Services in accordance with the terms herein, the Company hereby grants Contractor a royalty-free, non-exclusive sublicense, without the right to grant further sublicenses, under any and all applicable trademarks and other Intellectual Property owned or controlled by or licensed to the Company or any of its Affiliates to provide, during the Term of this Agreement, the Services in respect of the Products in the Territory.",CCAINDUSTRIESINC_04_14_2014-EX-10.1-OUTSOURCING AGREEMENT,CUAD_train_contracts
40,MERITLIFEINSURANCECO_06_19_2020-EX-10.(XIV)-MASTER SERVICES AGREEMENT,Irrevocable Or Perpetual License,"To the extent that Contractor incorporates any of Contractor's Information into the Works, Contractor hereby grants to Company a royalty-free, non- exclusive perpetual license (including the right to grant a sublicense) to use, copy, modify, create, derivative version, publicly perform and publicly display such Contractor's Information in connection with Company's business operations.",SBERT_leakage_controlled,License Grant,0.8724976778030396,"Solely to the extent necessary to enable Contractor to provide the Services in accordance with the terms herein, the Company hereby grants Contractor a royalty-free, non-exclusive sublicense, without the right to grant further sublicenses, under any and all applicable trademarks and other Intellectual Property owned or controlled by or licensed to the Company or any of its Affiliates to provide, during the Term of this Agreement, the Services in respect of the Products in the Territory.",CCAINDUSTRIESINC_04_14_2014-EX-10.1-OUTSOURCING AGREEMENT,CUAD_train_contracts
41,Quaker Chemical Corporation - NON COMPETITION AND NON SOLICITATION AGREEMENT,Parties,"Gulf Houghton Lubricants Ltd.,",BM25_leakage_controlled,Parties,13.48303485262132,"ENERGY XXI GULF COAST, INC.",ENERGYXXILTD_05_08_2015-EX-10.13-Transportation AGREEMENT,CUAD_train_contracts
41,Quaker Chemical Corporation - NON COMPETITION AND NON SOLICITATION AGREEMENT,Parties,"Gulf Houghton Lubricants Ltd.,",SBERT_leakage_controlled,Parties,0.554387092590332,"Florida Chemical Company, LLC",FLOTEKINDUSTRIESINCCN_05_09_2019-EX-10.1-SUPPLY AGREEMENT,CUAD_train_contracts
42,MSCIINC_02_28_2008-EX-10.10-,License Grant,"MS hereby grants (subject to any existing third party contractual obligations) to MSCI a non-exclusive, perpetual, irrevocable, world- wide, royalty-free license for MSCI to use, modify, copy, create derivative works of and sublicense, for any business purpose, the MS Licensed Materials.",BM25_leakage_controlled,License Grant,59.56401368297959,"Certegy hereby grants to Equifax a fully paid, non-exclusive, perpetual, worldwide license to use, modify, copy, improve and create Derivative Works and enhancements from, in source code and object code format, processes or procedures developed by Equifax in support to the Paynet Secure software product that have applicability independent of or from the Paynet Secure software product.","FIDELITYNATIONALINFORMATIONSERVICES,INC_08_05_2009-EX-10.3-INTELLECTUAL PROPERTY AGREEMENT",CUAD_train_contracts
42,MSCIINC_02_28_2008-EX-10.10-,License Grant,"MS hereby grants (subject to any existing third party contractual obligations) to MSCI a non-exclusive, perpetual, irrevocable, world- wide, royalty-free license for MSCI to use, modify, copy, create derivative works of and sublicense, for any business purpose, the MS Licensed Materials.",SBERT_leakage_controlled,License Grant,0.6424166560173035,"Subject to the terms and conditions of this Agreement, Licensor hereby grants to Licensee, and Licensee hereby accepts from Licensor, a personal, non-exclusive, royalty-free right and license to use the Licensed Mark solely and exclusively as a component of Licensee's own corporate name and in connection with marketing the investment management, investment consultation and investment advisory services that Investment Advisor may provide to Licensee.",PalmerSquareCapitalBdcInc_20200116_10-12GA_EX-10.6_11949289_EX-10.6_Trademark License Agreement,CUAD_train_contracts
43,InmodeLtd_20190729_F-1A_EX-10.9_11743243_EX-10.9_Manufacturing Agreement,Insurance,Customer specifically agrees to maintain insurance coverage for any finished Products or materials which passes to Customer pursuant to this Agreement and which is stored on the premises of Contractor.,BM25_leakage_controlled,Revenue/Profit Sharing,36.23494773248183,"Provided that such referred customer is not already a Eutectix customer, Eutectix may accept such customer referral, and in that case hereby agrees to pay Liquidmetal a cash commission based on a percentage of the invoice price of Licensed Products sold by Eutectix or its permitted sublicensees and for which payment was actually received by Eutectix, in addition to the Liquidmetal Royalty.",LiquidmetalTechnologiesInc_20200205_8-K_EX-10.1_11968198_EX-10.1_Development Agreement,CUAD_train_contracts
43,InmodeLtd_20190729_F-1A_EX-10.9_11743243_EX-10.9_Manufacturing Agreement,Insurance,Customer specifically agrees to maintain insurance coverage for any finished Products or materials which passes to Customer pursuant to this Agreement and which is stored on the premises of Contractor.,SBERT_leakage_controlled,Insurance,0.7688050866127014,Each Party may request that the other Party procure and maintain such additional insurance coverage relating to the Manufacture of the Product and the facilities therefore as may be reasonably necessary in respect of the Parties' respective obligations under this Agreement.,ParatekPharmaceuticalsInc_20170505_10-KA_EX-10.29_10323872_EX-10.29_Outsourcing Agreement,CUAD_train_contracts
44,"BABCOCK_WILCOXENTERPRISES,INC_08_04_2015-EX-10.17-INTELLECTUAL PROPERTY AGREEMENT between THE BABCOCK _ WILCOX COMPANY and BABCOCK _ WILCOX ENTERPRISES, INC.",Exclusivity,"RemainCo, for itself and as representative of all other members of the RemainCo Group, hereby grants to SpinCo (x) a perpetual, irrevocable, exclusive, royalty-free, worldwide right and license with the right to grant sublicenses (solely as set forth in Section 5.6) to use the RemainCo Know-How currently or previously used in connection with the SpinCo Business or otherwise in the possession of SpinCo or any member of the SpinCo Group as of the Distribution Date (the ""Licensed RemainCo Know-How""), for the continued operation of the SpinCo Business and any future extensions of the SpinCo Business in the SpinCo Core Field and (y) a perpetual, irrevocable, non-exclusive, royalty-free, worldwide",BM25_leakage_controlled,License Grant,454.5901369037807,"Subject to the terms and conditions of this Agreement, Parent hereby grants to each individual member of the SpinCo Group, on behalf of itself and the other members of the Parent Group, and shall cause the other members of the Parent Group to grant to each individual member of the SpinCo Group, a non-exclusive, worldwide, perpetual, irrevocable, fully paid-up, royalty-free right and license, solely for use in the SpinCo Field, to (i)",INGEVITYCORP_05_16_2016-EX-10.5-INTELLECTUAL PROPERTY AGREEMENT,CUAD_train_contracts
44,"BABCOCK_WILCOXENTERPRISES,INC_08_04_2015-EX-10.17-INTELLECTUAL PROPERTY AGREEMENT between THE BABCOCK _ WILCOX COMPANY and BABCOCK _ WILCOX ENTERPRISES, INC.",Exclusivity,"RemainCo, for itself and as representative of all other members of the RemainCo Group, hereby grants to SpinCo (x) a perpetual, irrevocable, exclusive, royalty-free, worldwide right and license with the right to grant sublicenses (solely as set forth in Section 5.6) to use the RemainCo Know-How currently or previously used in connection with the SpinCo Business or otherwise in the possession of SpinCo or any member of the SpinCo Group as of the Distribution Date (the ""Licensed RemainCo Know-How""), for the continued operation of the SpinCo Business and any future extensions of the SpinCo Business in the SpinCo Core Field and (y) a perpetual, irrevocable, non-exclusive, royalty-free, worldwide",SBERT_leakage_controlled,Change Of Control,0.6790894269943237,"Without limiting ARTICLE VIII, the license granted to the SpinCo Group in Section 3.03(a) shall automatically terminate in the event (i) that any member of the SpinCo Group assigns, transfers, licenses or otherwise conveys any rights in or to the Honeywell Content to any third party or (ii) of (x) the sale of all or substantially all of the ownership interests",GarrettMotionInc_20181001_8-K_EX-2.4_11364532_EX-2.4_Intellectual Property Agreement,CUAD_train_contracts
45,"PHREESIA,INC_05_28_2019-EX-10.18-STRATEGIC ALLIANCE AGREEMENT",Termination For Convenience,Termination for Convenience. [***].,BM25_leakage_controlled,Post-Termination Services,9.947179922982984,"Upon termination of this Agreement, Fleet agrees to perform its obligations under this Agreement until the earlier of [***].","Columbia Laboratories, (Bermuda) Ltd. - AMEND NO. 2 TO MANUFACTURING AND SUPPLY AGREEMENT",CUAD_train_contracts
45,"PHREESIA,INC_05_28_2019-EX-10.18-STRATEGIC ALLIANCE AGREEMENT",Termination For Convenience,Termination for Convenience. [***].,SBERT_leakage_controlled,Ip Ownership Assignment,0.7367408275604248,shall be made within [ * ] after the notice of termination.,FIBROGENINC_10_01_2014-EX-10.11-COLLABORATION AGREEMENT,CUAD_train_contracts
46,TELKOMSALTD_01_30_2003-EX-10-LICENCE AND MAINTENANCE AGREEMENT,Cap On Liability,"Subject to, and without prejudice to the provisions of this clause 11. 1 and clause 10, SAP AFRICA'S liability for any loss or damages of whatever nature or however arising, that may be suffered by TELKOM or AFFILIATE from USE or license of the SOFTWARE and irrespective of the number of occurrences giving rise to such liability, shall be limited to the aggregate of all License Fees paid by TELKOM to SAP AFRICA in terms of this AGREEMENT, up until the date when such damages are determined or agreed.",BM25_leakage_controlled,Uncapped Liability,91.76253383510127,"damages for any negligent or intentional breach of confidentiality and non-use obligations under Section 9); and b. each Party's aggregate liability and/or indemnification obligations towards the other Party under this Agreement shall not exceed an amount equal to the average annual aggregate amount paid or to be paid by XENCOR to BII hereunder; provided, however, that in the case of a Party's negligent or intentional breach of confidentiality and non­use obligations pursuant to Section 9, this limitation of liability shall be increased to twice the average annual aggregate amount paid or to be paid by XENCOR to BII hereunder; provided however that the foregoing Subsections a. and b. of this",XENCORINC_10_25_2013-EX-10.24-COLLABORATION AGREEMENT (3),CUAD_train_contracts
46,TELKOMSALTD_01_30_2003-EX-10-LICENCE AND MAINTENANCE AGREEMENT,Cap On Liability,"Subject to, and without prejudice to the provisions of this clause 11. 1 and clause 10, SAP AFRICA'S liability for any loss or damages of whatever nature or however arising, that may be suffered by TELKOM or AFFILIATE from USE or license of the SOFTWARE and irrespective of the number of occurrences giving rise to such liability, shall be limited to the aggregate of all License Fees paid by TELKOM to SAP AFRICA in terms of this AGREEMENT, up until the date when such damages are determined or agreed.",SBERT_leakage_controlled,Cap On Liability,0.6549587249755859,"IN NO EVENT SHALL A PARTY TO THIS AGREEMENT BE LIABLE TO THE OTHER PARTY TO THIS AGREEMENT FOR ANY SPECIAL, INDIRECT, INCIDENTAL OR CONSEQUENTIAL DAMAGES RESULTING FROM THE USE, OR INABILITY TO USE, THE LICENSED PRODUCTS OR ARISING OUT OF THIS AGREEMENT, INCLUDING BUT NOT LMTED TO LOSS OF PROFIT OR OTHER MONETARY LOSS, LOSS OR INTERRUPTION OF DATA OR CONTUTER TIME, ALTERATION OR ERRONEOUS TRANSNUSSION OF DATA OR PROGRAM ERRORS, EVEN IF SUCH PARTY IS ADVISED IN ADVANCE OF THE POSSIBILITY OF SUCH DAMAGES.",NEONSYSTEMSINC_03_01_1999-EX-10.5-DISTRIBUTOR AGREEMENT_New,CUAD_train_contracts
47,ScansourceInc_20190822_10-K_EX-10.38_11793958_EX-10.38_Distributor Agreement1,Exclusivity,"Distributor will not purchase Products for resale to any Reseller from any person or entity other than Cisco, provided that Distributor may accept returned Product from Resellers if Distributor initially sold the Product to be returned to such Reseller. [*****]",BM25_leakage_controlled,Warranty Duration,46.19852935101718,"In order to receive the remedy provided for hereunder, Distributor shall deliver to WGT a sample of the Product which Distributor finds to be defective in workmanship or materials, or damaged in shipment prior to Distributor assuming the risk of loss or damage , along with a written explanation of the alleged defect within thirty (30) days from the later of Distributor's initial receipt of such Product from WGT or from the delivery of such Product to an end-user.",EUROPEANMICROHOLDINGSINC_03_06_1998-EX-10.6-DISTRIBUTOR AGREEMENT,CUAD_train_contracts
47,ScansourceInc_20190822_10-K_EX-10.38_11793958_EX-10.38_Distributor Agreement1,Exclusivity,"Distributor will not purchase Products for resale to any Reseller from any person or entity other than Cisco, provided that Distributor may accept returned Product from Resellers if Distributor initially sold the Product to be returned to such Reseller. [*****]",SBERT_leakage_controlled,Affiliate License-Licensee,0.6870286464691162,The Reseller shall be entitled to enter into agreements with its subsidiaries and affiliates to act as sub-distributors and/or selling agents of the Products in the Territory.,TodosMedicalLtd_20190328_20-F_EX-4.10_11587157_EX-4.10_Marketing Agreement_ Reseller Agreement,CUAD_train_contracts
48,WaterNowInc_20191120_10-Q_EX-10.12_11900227_EX-10.12_Distributor Agreement,Rofr/Rofo/Rofn,"If Hydraspin desires to enter a new territory in the United States, Hydraspin will offer Distributor the first opportunity to become the exclusive distributor for the new territory.",BM25_leakage_controlled,Exclusivity,49.323866864888174,"Subject to the terms and conditions of this Agreement, Zogenix hereby appoints Distributor, and Distributor accepts appointment, as the exclusive distributor (even as to Zogenix) of the Product in the Field in the Territory during the Term, and grants to Distributor the exclusive rights to maintain Regulatory Approval of (while Distributor is the MAH Party), package, promote, market, offer for sale, sell, import and distribute the Product in the Field in the Territory during the Term",ZogenixInc_20190509_10-Q_EX-10.2_11663313_EX-10.2_Distributor Agreement,CUAD_train_contracts
48,WaterNowInc_20191120_10-Q_EX-10.12_11900227_EX-10.12_Distributor Agreement,Rofr/Rofo/Rofn,"If Hydraspin desires to enter a new territory in the United States, Hydraspin will offer Distributor the first opportunity to become the exclusive distributor for the new territory.",SBERT_leakage_controlled,Exclusivity,0.478583961725235,The Distributor is appointed as an exclusive Distributor within the following territories: [*].,LUCIDINC_04_15_2011-EX-10.9-DISTRIBUTOR AGREEMENT,CUAD_train_contracts
49,"CANOPETROLEUM,INC_12_13_2007-EX-10.1-Sponsorship Agreement",Minimum Commitment,The Company agrees to feature not less than two (2) persons designated by Cano as guests on not less than six (6) separate episodes per year.,BM25_leakage_controlled,Notice Period To Terminate Renewal,35.29141042683172,Pretzel Time shall notify Franchisee of the nonrenewal not less than six (6) months prior to the expiration of the term of this Agreement.,MRSFIELDSORIGINALCOOKIESINC_01_29_1998-EX-10-FRANCHISE AGREEMENT,CUAD_train_contracts
49,"CANOPETROLEUM,INC_12_13_2007-EX-10.1-Sponsorship Agreement",Minimum Commitment,The Company agrees to feature not less than two (2) persons designated by Cano as guests on not less than six (6) separate episodes per year.,SBERT_leakage_controlled,License Grant,0.4507805109024048,episodes (series) or,FulucaiProductionsLtd_20131223_10-Q_EX-10.9_8368347_EX-10.9_Content License Agreement,CUAD_train_contracts
50,BUFFALOWILDWINGSINC_06_05_1998-EX-10.3-FRANCHISE AGREEMENT,Non-Compete,You shall not engage in catering and delivery services and activities outside of the Designated Area.,BM25_leakage_controlled,Non-Compete,46.40139174859069,You agree not to: (a) advertise or market the services of your Franchised Business outside of the Delivery/Catering and Advertising Area; and/or (b) engage in direct solicitation of customers outside of the Delivery/Catering and Advertising Area.,PfHospitalityGroupInc_20150923_10-12G_EX-10.1_9266710_EX-10.1_Franchise Agreement1,CUAD_train_contracts
50,BUFFALOWILDWINGSINC_06_05_1998-EX-10.3-FRANCHISE AGREEMENT,Non-Compete,You shall not engage in catering and delivery services and activities outside of the Designated Area.,SBERT_leakage_controlled,Competitive Restriction Exception,0.6206822991371155,"A ""Competitive Business"" shall not include a full-service restaurant.",ElPolloLocoHoldingsInc_20200306_10-K_EX-10.16_12041700_EX-10.16_Development Agreement,CUAD_train_contracts
51,ZEBRATECHNOLOGIESCORP_04_16_2014-EX-10.1-INTELLECTUAL PROPERTY AGREEMENT,Non-Transferable License,"Effective as of the Initial Closing Date, the Seller hereby grants (and will cause each other Seller Party to grant, following each applicable Closing Date, to the Purchaser Licensees) a perpetual (unless terminated in accordance with Section 4.2(ii)(c)), fully paid-up, royalty-free, worldwide, non-transferable (except as set forth herein), non-exclusive license to use any and all Licensed Trademarks in the Business (including with respect to the Purchaser Licensed Activities), including with respect to all Derivative Works and natural evolutions of such Business, in a manner that is the same or substantially similar to the manner in which the Seller Entities have used the Licensed Trademark",BM25_leakage_controlled,License Grant,144.24355797288348,"Subject to the terms and conditions of this Agreement, Arizona hereby grants to the Company a limited, non- exclusive, royalty-free, non-sublicensable (except as set forth in Section 7.1), non-assignable license in, to and under the Arizona Licensed Trademarks for the Arizona Trademark License Term for use in the Company Field throughout the world only in the form and manner that such Arizona Licensed Trademarks are used in the Business as of the Closing, provided that the Company shall use commercially reasonable efforts to present the Arizona Licensed Trademarks in the form set forth on Schedule 6.1.","ARMSTRONGFLOORING,INC_01_07_2019-EX-10.2-INTELLECTUAL PROPERTY AGREEMENT",CUAD_train_contracts
51,ZEBRATECHNOLOGIESCORP_04_16_2014-EX-10.1-INTELLECTUAL PROPERTY AGREEMENT,Non-Transferable License,"Effective as of the Initial Closing Date, the Seller hereby grants (and will cause each other Seller Party to grant, following each applicable Closing Date, to the Purchaser Licensees) a perpetual (unless terminated in accordance with Section 4.2(ii)(c)), fully paid-up, royalty-free, worldwide, non-transferable (except as set forth herein), non-exclusive license to use any and all Licensed Trademarks in the Business (including with respect to the Purchaser Licensed Activities), including with respect to all Derivative Works and natural evolutions of such Business, in a manner that is the same or substantially similar to the manner in which the Seller Entities have used the Licensed Trademark",SBERT_leakage_controlled,Exclusivity,0.6690021753311157,"During the entire validity of this Agreement, Licensor hereby grants to License an exclusive and royaltyfree right to use the Trademark in",NlsPharmaceuticsLtd_20200228_F-1_EX-10.14_12029046_EX-10.14_Development Agreement,CUAD_train_contracts
52,TELKOMSALTD_01_30_2003-EX-10-LICENCE AND MAINTENANCE AGREEMENT,License Grant,"""TERRITORY"" means, for the purposes of USING the SOFTWARE, all countries in. AFRICA;",BM25_leakage_controlled,Ip Ownership Assignment,20.110896588043033,"Consultant agrees to sign, execute and acknowledge or cause to be signed, executed and acknowledged without cost, but at the expense of Company, any and all documents and to perform such acts as my be necessary, useful or convenient for the purposes of perfecting the foregoing assignments and obtaining, enforcing and defending intellectual property rights in any and all countries with respect to Inventions.","KIROMICBIOPHARMA,INC_05_11_2020-EX-10.23-CONSULTING AGREEMENT",CUAD_train_contracts
52,TELKOMSALTD_01_30_2003-EX-10-LICENCE AND MAINTENANCE AGREEMENT,License Grant,"""TERRITORY"" means, for the purposes of USING the SOFTWARE, all countries in. AFRICA;",SBERT_leakage_controlled,Non-Compete,0.5200652480125427,the Territory which directly compete with the TouchStar Software or Support Services.,WORLDWIDESTRATEGIESINC_11_02_2005-EX-10-RESELLER AGREEMENT,CUAD_train_contracts
53,CENTRACKINTERNATIONALINC_10_29_1999-EX-10.3-WEB SITE HOSTING AGREEMENT,Cap On Liability,"i-on will not be liable under any circumstances for any lost profits or other consequential damages, even if i-on has been advised as to the possibility of such damages. i-on's liability for damages to the Customer for any cause whatsoever, regardless of the form of action, and whether in contract or in tort, including negligence, shall be limited to one (1) month's fees and the remaining portion of any prepaid fees.",BM25_leakage_controlled,Cap On Liability,99.77046655352058,"EXCLUDING LIABILITY FOR INFRINGEMENT CLAIMS AS DISCUSSED IN SECTION 9 OF THIS AGREEMENT, IN NO EVENT SHALL eGAIN BE LIABLE TO CUSTOMER FOR CONSEQUENTIAL, EXEMPLARY, INDIRECT, SPECIAL OR INCIDENTAL DAMAGES (INCLUDING, WITHOUT LIMITATION, LOST PROFITS), OR BE LIABLE TO ANY THIRD PARTY FOR ANY DAMAGES WHATSOEVER, EVEN IF eGAIN HAS BEEN ADVISED OF THE POSSIBILITY OF SUCH DAMAGES. eGain's entire liability under this Agreement for any damages from any cause whatsoever, regardless of form or action, whether in contract, negligence or otherwise, shall in no event exceed an amount equal to the price paid for the Services out of which the claim arose.",WEBHELPCOMINC_03_22_2000-EX-10.8-HOSTING AGREEMENT,CUAD_train_contracts
53,CENTRACKINTERNATIONALINC_10_29_1999-EX-10.3-WEB SITE HOSTING AGREEMENT,Cap On Liability,"i-on will not be liable under any circumstances for any lost profits or other consequential damages, even if i-on has been advised as to the possibility of such damages. i-on's liability for damages to the Customer for any cause whatsoever, regardless of the form of action, and whether in contract or in tort, including negligence, shall be limited to one (1) month's fees and the remaining portion of any prepaid fees.",SBERT_leakage_controlled,Cap On Liability,0.6593970060348511,"NEITHER PARTY SHALL BE LIABLE FOR ANY SPECIAL, INCIDENTAL, EXEMPLARY OR CONSEQUENTIAL DAMAGES OF ANY KIND (INCLUDING LOST PROFITS) REGARDLESS OF THE FORM OF ACTION, WHETHER IN CONTRACT, TORT, NEGLIGENCE, BREACH OF STATUTORY DUTY OR OTHERWISE, SUFFERED BY THE OTHER PARTY, EVEN IF THAT PARTY HAS BEEN INFORMED OF THE POSSIBILITY OF ANY SUCH DAMAGES IN ADVANCE. [***].",VERICELCORP_08_06_2019-EX-10.10-SUPPLY AGREEMENT,CUAD_train_contracts
54,2ThemartComInc_19990826_10-12G_EX-10.10_6700288_EX-10.10_Co-Branding Agreement_ Agency Agreement,Audit Rights,Any such inspection will be conducted in a manner that does not unreasonably interfere with i-Escrow's business activities and with no less than fifteen (15) days notice.,BM25_leakage_controlled,Audit Rights,49.91345249516212,Any such audit will be conducted in a manner that does not unreasonably interfere with IAC's business activities.,"Sonos, Inc. - Manufacturing Agreement",CUAD_train_contracts
54,2ThemartComInc_19990826_10-12G_EX-10.10_6700288_EX-10.10_Co-Branding Agreement_ Agency Agreement,Audit Rights,Any such inspection will be conducted in a manner that does not unreasonably interfere with i-Escrow's business activities and with no less than fifteen (15) days notice.,SBERT_leakage_controlled,Audit Rights,0.6457019448280334,"Subject to the remainder of this Section 4.12, no more than once per calendar year, upon thirty (30) days' advance written notice to Manufacturer, Customer may physically inspect or audit (consistent with Section 15.2) the Facilities under this Section 4.12; provided that Customer will use good faith efforts to choose dates of inspection or audit that do not unreasonably interfere with the operation of Manufacturer's business; provided, further, that Customer shall consider in good faith any alternative dates of inspection or audit proposed by Manufacturer within five (5) days of Manufacturer's receipt of such notice (it being understood that nothing in this Section 4.12 shall require Custom",UpjohnInc_20200121_10-12G_EX-2.6_11948692_EX-2.6_Manufacturing Agreement_ Supply Agreement,CUAD_train_contracts
55,BUFFALOWILDWINGSINC_06_05_1998-EX-10.3-FRANCHISE AGREEMENT,Audit Rights,"We will have the right to observe the manner in which you are rendering your services and conducting your operations, to confer with your employees and customers, and to select Menu Items, ingredients, food and",BM25_leakage_controlled,Anti-Assignment,61.23287381102687,"You understand and acknowledge that the rights and duties set forth in this Agreement are personal to you, and that we have granted this franchise in reliance on your (or your Principals') business skill, financial capacity, and personal character.","GOOSEHEADINSURANCE,INC_04_02_2018-EX-10.6-Franchise Agreement",CUAD_train_contracts
55,BUFFALOWILDWINGSINC_06_05_1998-EX-10.3-FRANCHISE AGREEMENT,Audit Rights,"We will have the right to observe the manner in which you are rendering your services and conducting your operations, to confer with your employees and customers, and to select Menu Items, ingredients, food and",SBERT_leakage_controlled,Audit Rights,0.6157140731811523,"We have the right, at any time during normal business hours: (i) to conduct inspections of the Franchised Business; (ii) to interview your employees, work crews, and customers; and (iii) to review your business records, including those maintained electronically or off premises.",PfHospitalityGroupInc_20150923_10-12G_EX-10.1_9266710_EX-10.1_Franchise Agreement1,CUAD_train_contracts
56,IMAGEWARESYSTEMSINC_12_20_1999-EX-10.22-MAINTENANCE AGREEMENT,Notice Period To Terminate Renewal,This Agreement shall automatically renew for consecutive one (1) year terms at XIMAGE's then prevailing rates at the end of each one (1) year term unless either party gives at least sixty (60) days prior written notice of the non-renewal of this Agreement.,BM25_leakage_controlled,Renewal Term,87.00046432220937,"Upon the expiration of such term, this Agreement will renew automatically for successive terms of one (1) year each unless either party to this Agreement delivers written notice of termination to the other party to this Agreement at least sixty (60) days prior to the end of the original or any renewal term.",NEONSYSTEMSINC_03_01_1999-EX-10.5-DISTRIBUTOR AGREEMENT_Amendment,CUAD_train_contracts
56,IMAGEWARESYSTEMSINC_12_20_1999-EX-10.22-MAINTENANCE AGREEMENT,Notice Period To Terminate Renewal,This Agreement shall automatically renew for consecutive one (1) year terms at XIMAGE's then prevailing rates at the end of each one (1) year term unless either party gives at least sixty (60) days prior written notice of the non-renewal of this Agreement.,SBERT_leakage_controlled,Renewal Term,0.8036690950393677,"The Agreement shall automatically renew for successive one (1) year terms (each a ""Renewal Term"") unless either party provides the other party written notification of its intent to terminate the Agreement no later than sixty (60) days prior to the end of the then applicable term.",IpassInc_20181203_8-K_EX-99.1_11445874_EX-99.1_Reseller Agreement,CUAD_train_contracts
57,TubeMediaCorp_20060310_8-K_EX-10.1_513921_EX-10.1_Affiliate Agreement,Post-Termination Services,"In the event that Network terminates this Agreement as to a particular Station or several Stations, or in its entirety pursuant to Sections 10(a) or (c), Affiliate shall, within thirty (30) days of termination, at its option either reimburse Network for the cost of all equipment or return such equipment related to such Station(s) that was paid for by Network pursuant to Section 5(b) herein.",BM25_leakage_controlled,License Grant,74.74517583718274,"Subject to the terms and conditions of this Agreement, Network Affiliate hereby grants to NCM, and NCM hereby accepts, a non-exclusive, non-transferable (except in connection with an assignment of this Agreement in accordance with Section 14.8 hereof), non- sublicenseable, limited license (i) to use the Network Affiliate Marks solely in connection with its delivery of the Service, as approved by Network Affiliate in writing in advance, and (ii) to use the Network Affiliate Marks in Marketing Materials that have been approved by Network Affiliate pursuant to the terms hereof.",DigitalCinemaDestinationsCorp_20111220_S-1_EX-10.10_7346719_EX-10.10_Affiliate Agreement,CUAD_train_contracts
57,TubeMediaCorp_20060310_8-K_EX-10.1_513921_EX-10.1_Affiliate Agreement,Post-Termination Services,"In the event that Network terminates this Agreement as to a particular Station or several Stations, or in its entirety pursuant to Sections 10(a) or (c), Affiliate shall, within thirty (30) days of termination, at its option either reimburse Network for the cost of all equipment or return such equipment related to such Station(s) that was paid for by Network pursuant to Section 5(b) herein.",SBERT_leakage_controlled,Termination For Convenience,0.6953730583190918,"Each of the Recipient and the Provider may, in their sole discretion, terminate this Agreement in whole or in part, at any time without cause, and without liability except, in the case of the Recipient, for required payment for services rendered and reimbursement for authorized expenses incurred, by providing at least 90 (ninety) days' prior written notice to the other party (such date, the ""Services Termination Date"").",ABILITYINC_06_15_2020-EX-4.25-SERVICES AGREEMENT,CUAD_train_contracts
58,ENTERTAINMENTGAMINGASIAINC_02_15_2005-EX-10.5-DISTRIBUTOR AGREEMENT,Document Name,DISTRIBUTOR AGREEMENT,BM25_leakage_controlled,Document Name,7.584987934116592,EXCLUSIVE DISTRIBUTOR AGREEMENT,HYPERIONSOFTWARECORP_09_28_1994-EX-10.47-EXCLUSIVE DISTRIBUTOR AGREEMENT,CUAD_train_contracts
58,ENTERTAINMENTGAMINGASIAINC_02_15_2005-EX-10.5-DISTRIBUTOR AGREEMENT,Document Name,DISTRIBUTOR AGREEMENT,SBERT_leakage_controlled,Document Name,0.8887172937393188,Distributorship agreement,FuseMedicalInc_20190321_10-K_EX-10.43_11575454_EX-10.43_Distributor Agreement,CUAD_train_contracts
59,IdeanomicsInc_20160330_10-K_EX-10.26_9512211_EX-10.26_Content License Agreement,Irrevocable Or Perpetual License,"In exchange for the Share Consideration, Licensor hereby grants to Licensee a non-exclusive, royalty-free, perpetual and non-perpetual license (subject to the duration and scope, and format limitations for which Licensor has the rights to each Title as specified in Schedule A1-A6 of Schedule A) to: i. license, exhibit, distribute, reproduce, transmit, perform, display, and otherwise exploit and make available each Title within the Territory in any language by VOD (including SVOD, TVOD, AVOD and free VOD) for Internet, TV and mobile platforms (including, but not limited to, OTT streaming services, Sites and Mobile Sites), subject to these limitations for each of the Title in Schedule A1-A6: 1",BM25_leakage_controlled,License Grant,473.5224559928508,"In exchange for the Share Consideration, Licensor hereby grants to Licensee a non-exclusive, royalty-free, perpetual and non-perpetual license (subject to the duration for which Licensor has the rights to each Title as specified in Schedule A1-A5 of Schedule A) to: i. license, exhibit, distribute, reproduce, transmit, perform, display, and otherwise exploit and make available each Title within the Territory in any language by VOD (including SVOD, TVOD, AVOD and free VOD) for Internet, TV and mobile platforms (including, but not limited to, OTT streaming services, Sites and Mobile Sites), except that for Titles listed in Schedule A1-A2 of Schedule A, Licensor can only grant Licensee distribut",IdeanomicsInc_20151124_8-K_EX-10.2_9354744_EX-10.2_Content License Agreement,CUAD_train_contracts
59,IdeanomicsInc_20160330_10-K_EX-10.26_9512211_EX-10.26_Content License Agreement,Irrevocable Or Perpetual License,"In exchange for the Share Consideration, Licensor hereby grants to Licensee a non-exclusive, royalty-free, perpetual and non-perpetual license (subject to the duration and scope, and format limitations for which Licensor has the rights to each Title as specified in Schedule A1-A6 of Schedule A) to: i. license, exhibit, distribute, reproduce, transmit, perform, display, and otherwise exploit and make available each Title within the Territory in any language by VOD (including SVOD, TVOD, AVOD and free VOD) for Internet, TV and mobile platforms (including, but not limited to, OTT streaming services, Sites and Mobile Sites), subject to these limitations for each of the Title in Schedule A1-A6: 1",SBERT_leakage_controlled,License Grant,0.9466583728790283,"In exchange for the Share Consideration, Licensor hereby grants to Licensee a non-exclusive, royalty-free, perpetual and non-perpetual license (subject to the duration for which Licensor has the rights to each Title as specified in Schedule A1-A5 of Schedule A) to: i. license, exhibit, distribute, reproduce, transmit, perform, display, and otherwise exploit and make available each Title within the Territory in any language by VOD (including SVOD, TVOD, AVOD and free VOD) for Internet, TV and mobile platforms (including, but not limited to, OTT streaming services, Sites and Mobile Sites), except that for Titles listed in Schedule A1-A2 of Schedule A, Licensor can only grant Licensee distribut",IdeanomicsInc_20151124_8-K_EX-10.2_9354744_EX-10.2_Content License Agreement,CUAD_train_contracts
